path,group,lines,sha256,scope,review,signals
.cargo/config.toml,.cargo/config.toml,2,5516d56a2f4b6cc140f9de702ff5de6a20f137207a5390bf621bb174c35c3b4c,code,whole-text-static-scan,
.github/workflows/r10-01.yml,.github/workflows,118,3779e153137a538212c781023ee3ff4fea70080a83445dc83370b131a1dd2a08,code,whole-text-static-scan,
.github/workflows/r10-02.yml,.github/workflows,115,7885c18677537fb9852596775e8d7aba2bfb1393b0668587b7ef406129f84565,code,whole-text-static-scan,
.github/workflows/r10-03.yml,.github/workflows,118,ee4304c78c9048729c4b407ac3cf1aa420a0535850a62ee83c9059e251c2d86c,code,whole-text-static-scan,
.github/workflows/r10-04.yml,.github/workflows,116,04b3c1f19100d77b9c222e6309fcf1c9be9764496758e3fa5642aa2feb7cfadf,code,whole-text-static-scan,
.github/workflows/r10-05.yml,.github/workflows,120,7ae1c8ce6ea3b7d11375929e47732a7895e3bc3859624d3a2cb533bde7664429,code,whole-text-static-scan,
.github/workflows/r10-06.yml,.github/workflows,135,a8c1c5d4a46b941ae21d42504fc87ff806ea2f583a469d50e095aec951e52e8b,code,whole-text-static-scan,
.github/workflows/r10-07.yml,.github/workflows,137,f506dec9516ebc2451538f71adb33b68f9ea7e1cd0c2df5fe4ba5e2624fc51ce,code,whole-text-static-scan,
.github/workflows/r10-08.yml,.github/workflows,154,5e3d162d1f03d9ec51ef3e8d8537372f6b32e7ba48ae8860bb56858bc1699e80,code,whole-text-static-scan,
.github/workflows/r10-09.yml,.github/workflows,131,f455039e3b9f79365d5c051b6155d28522131a8090594cb55dd2c9770d0fcf78,code,whole-text-static-scan,
.github/workflows/r10-10.yml,.github/workflows,175,a148b92008239f6cca9fb31892eddebfbb3e10f64f736992f672b1f8409095fb,code,whole-text-static-scan,
.github/workflows/r10-11.yml,.github/workflows,192,bd89a4bbf6bb26bbf8b322c56c28ed9005d1556e9dc991e7a8edbbd6b8d7e0b6,code,whole-text-static-scan,
.github/workflows/r10-12.yml,.github/workflows,242,bc94092797ae6c0d8fc7e3a41a68d5971a7c81ce0eaddce22546544184815ac4,code,whole-text-static-scan,
.github/workflows/r11-01.yml,.github/workflows,159,b8fde96cf9fc90fb687b144cce33c0c1c849339ab209bb802610bf5a7bbc20b6,code,whole-text-static-scan,
.github/workflows/r11-02.yml,.github/workflows,178,eacccebbb4764592b38306aa9492d5767c2a8d233b1d5d64490a5f5210c2b462,code,whole-text-static-scan,
.github/workflows/r11-03.yml,.github/workflows,207,c7d7e28c7198b6d1dc41ec8c17a8a5228f06a5e9ec8be1978c9a35bafcca92c6,code,whole-text-static-scan,
.github/workflows/r11-14.yml,.github/workflows,142,bf1f1bc9da3751ad0f4dd400a0d21f20de3c4608e18a7d67883e6ddb8986cc0f,code,whole-text-static-scan,
.github/workflows/r11-15.yml,.github/workflows,156,40f6d932787625bfe2d0c0916942a0d8dc46dbbe4f072a6a9cee03b3a8e89401,code,whole-text-static-scan,
.github/workflows/r11-16.yml,.github/workflows,155,e12dba9fe0116c5701c8ec05a763bb748a80a9d79322c3edc64984b0e8652391,code,whole-text-static-scan,
.github/workflows/r12-01.yml,.github/workflows,171,b5f68c31b3c5850ad13c70f1c4395fa3c8264e91339c90bcdc63844d074a5a97,code,whole-text-static-scan,
.github/workflows/r12-02.yml,.github/workflows,160,a26bbfae967b6771d0787b9bf306961ab87ce9a873f47a6cb5e53a9e86802697,code,whole-text-static-scan,
.github/workflows/r12-03.yml,.github/workflows,171,03a71cfebdaa054a54c9d930750cf9a67064d87fa287fadf5ec56176d3d51a57,code,whole-text-static-scan,
.github/workflows/r12-04.yml,.github/workflows,192,dd1cffb004f8a410bdc6f4009497ce7927ef81476b5fdec4bb22009b040c04e4,code,whole-text-static-scan,
.github/workflows/r12-05.yml,.github/workflows,212,e247e3f08022eb5eafa41ffc1a4bcf04912f407270479c4f6d4945f37d0a931e,code,whole-text-static-scan,file_write:1
.github/workflows/r12-06.yml,.github/workflows,217,075a4fe79612f018249d58208f5035eaf33786d17c3d224f783e16b1abba2e24,code,whole-text-static-scan,file_write:1
.github/workflows/r12-07.yml,.github/workflows,246,fda81654bdb5e641d04cb510a8c6251e8a798914a706f16f9647109da7306e5d,code,whole-text-static-scan,file_write:1
.github/workflows/r12-08.yml,.github/workflows,234,ea4aa7430e0a0750af7b766f1486368d19b958f82b16daaa412c4e6b94774305,code,whole-text-static-scan,
.github/workflows/r12-09.yml,.github/workflows,248,3f49a5e7b4f7ec3a8009ef7bc2148c733f18cee3a8c6311df0385d9b91902690,code,whole-text-static-scan,
.github/workflows/r12-10.yml,.github/workflows,317,46bd31bc8b2dafdf4b7b2c3b7b669a2c28aaa55303cf5ed73ff1fea8b36a44c4,code,whole-text-static-scan,
.github/workflows/r12-11.yml,.github/workflows,345,cf156edadd61a25eb6aaac691ff3b7ac978124edb1cfbafc1706cae0f8e7ecc9,code,whole-text-static-scan,
.github/workflows/r12-12.yml,.github/workflows,368,8c71f87826134d9f4b00e22da6df61769efc154adcad8a9a0a24ea2336358383,code,whole-text-static-scan,
.github/workflows/r12-13.yml,.github/workflows,384,bf9727338d4d3cc7d76227acd82ed12fef13b75262d64fc71eb9fac49c3b1bed,code,whole-text-static-scan,
.github/workflows/r12-14.yml,.github/workflows,465,c41087636cda4baf8cd1b7d5c06730189d05c8780362e3b107227fd9462a1ae7,code,whole-text-static-scan,
.github/workflows/r9-12-candidate.yml,.github/workflows,40,ff9266662e860467580ae6484872b2b2d416261fd59350d1883dbcbe92449b9e,code,whole-text-static-scan,
.github/workflows/r9-12-full-validation.yml,.github/workflows,132,634f3d2898dc73e7152f691a3ff8dacc399ea901508cc1b203b35dad04ec9f31,code,whole-text-static-scan,
.github/workflows/r9-12-inventory.yml,.github/workflows,20,c16e56d6dae9b72572f247691af31b2dec7537c4b35eefc6f9580c6a91adf9a6,code,whole-text-static-scan,
.github/workflows/r9-12-regression.yml,.github/workflows,46,0b551430cb66c42c801501960df9d3f71771a1a38b90fc760bf5f4dd618aa968,code,whole-text-static-scan,
.github/workflows/stage-00-baseline.yml,.github/workflows,131,1649a01ce0b453fb12223fd1872fe1feb186b3971f34b0f3c41067786f76f244,code,whole-text-static-scan,
.github/workflows/stage-01-atomic.yml,.github/workflows,169,71d965e81ff30eddcf076def884cfcc41198031a920a866ad456e3ea53164eb9,code,whole-text-static-scan,file_write:10
.github/workflows/stage-02-atomic.yml,.github/workflows,76,1500343be624079750cfdde0b76e5852997e05da1ebe1e53d0ed635d4866a813,code,whole-text-static-scan,
.github/workflows/stage-03-atomic.yml,.github/workflows,79,b61584c279885e96f93f6780b52792cc158e3908d30ad4a9c677250875a88732,code,whole-text-static-scan,
.github/workflows/stage-03-windows-window.yml,.github/workflows,113,af9cbabee7b58ee1deedba17dbfdae05672caa5a8ea7bdb902ad1ffb345b5d18,code,whole-text-static-scan,
.github/workflows/stage-04-atomic.yml,.github/workflows,84,2c30f07cddb2aa71ac4c10f679c04e47fb0030eaaf1b33bf0f9c8bf657daaa6b,code,whole-text-static-scan,
.github/workflows/stage-05-atomic.yml,.github/workflows,135,bc7f7a0a3c0e2f68c42dc0158d71624bf58cdc8e4ea0d952c9faac17f1e195ce,code,whole-text-static-scan,
.github/workflows/stage-06-atomic.yml,.github/workflows,294,7f200d1a94d9c0be360c968e6051eab2e5ba9c57796fcadf14f46d9e3cf93988,code,whole-text-static-scan,
.github/workflows/stage-07-atomic.yml,.github/workflows,514,c394759735cf2b42bfd1c4696aa26e9db034c48dae7946cb42bf74b80dbc3e70,code,whole-text-static-scan,
.vite/deps/_metadata.json,.vite/deps,8,9a33a5595ba54d57c56aa1206872e4d3cc840bb3f2282d9231b952abe60bcb64,config-or-lock,whole-text-static-scan,
.vite/deps/package.json,.vite/deps,3,3ca9d4afd21425087cf31893b8f9f63c81b0b8408db5e343ca76e5f8aa26ab9a,config-or-lock,whole-text-static-scan,
docs/rewrite-progress/stage-00/evidence/frozen-model-hashes.json,docs/rewrite-progress,74,bdf220f69b5ef9a99415d5a2dd0d6ca4c4e6ee3c40ca8b84347d277588848baa,config-or-lock,whole-text-static-scan,
docs/rewrite-progress/stage-00/evidence/storage-keys.json,docs/rewrite-progress,193,293781d2c1bc9b310bfbc978ba15a4a36bd12a1bb00e6e00a5dc63cf5488fd6f,config-or-lock,whole-text-static-scan,
docs/rewrite-progress/stage-00/evidence/tauri-commands.json,docs/rewrite-progress,158,62857e599a846aec3cabf3eda1535335fbcd70608bc02c4ada7b37225b557a44,config-or-lock,whole-text-static-scan,
docs/rewrite-progress/stage-00/evidence/verification-summary.json,docs/rewrite-progress,25,a1855d06bd52739eaca9d9c188bbcb4849a71e501b77b53b590d7726c9c18b26,config-or-lock,whole-text-static-scan,
index.html,(root),12,ea4b4a6ce3d1fe6a86ebc14c81da83fa9387cd28d59e11749cc8a8cd94de5cc2,code,whole-text-static-scan,
package-lock.json,(root),2674,c396ee533bb7b464b0681b0f35c0e3473a3cc94bfd4b43768267a106e048254b,config-or-lock,whole-text-static-scan,
package.json,(root),41,c4c4d41a396c15f243b8a2cc09e75944d01bfd7d437bbe2f8591fc0f4fb06261,config-or-lock,whole-text-static-scan,
pnpm-workspace.yaml,(root),2,ac02d96368617c760f093cfe61fdec64b6244007ab3553e0d6621f706f54a353,code,whole-text-static-scan,
public/app/bootstrap.js,public/app,62,9f7acbd8b5365017f5ea3003d0c41f06712c5c417674c4727d78c0fa5be80cc0,code,whole-text-static-scan,html_sink:1;file_write:1
public/app/core.js,public/app,916,141af1a68f9975d175fb8478de2904be8ca49c5f47568caab1ac284590f686d7,code,whole-text-static-scan,file_write:1;async_resource:2;empty_catch:1
public/app/editor-tools.js,public/app,190,a556b2c6e6ffd20e7b46ff723a72e3149eaef2a37377c0bb8f8c86b879a6107a,code,whole-text-static-scan,
public/app/events.js,public/app,271,21deadaf427c45ed189af6093261b3cf0c0abb1d1141dfdb8fd9aec349292e0a,code,whole-text-static-scan,
public/app/export.js,public/app,755,7251cb0e022ce4a6a8a1de587e8fe93b78b427c988fccfc637ed6855e92c8463,code,whole-text-static-scan,html_sink:4;async_resource:3
public/app/web-clipper.js,public/app,374,8cf4cc649ffcb9366166b346319e787e8a56778a8dfc24abee6dc47188c5573d,code,whole-text-static-scan,html_sink:2;async_resource:2;empty_catch:1
public/compatibility/business-content.html,public/compatibility,516,4ce7b4e0be5c1ac652ba017cb0946d1a72f2e8f613043b6e9cadf9963dcfa682,code,whole-text-static-scan,
scripts/architecture/checks.mjs,scripts/architecture,502,694b89c92a34424c00908ea13352f54c40cb56accc0f8e283d83aa8642704465,code,whole-text-static-scan,process:2;file_write:2;async_resource:3
scripts/architecture/cli.mjs,scripts/architecture,59,495fda8311336d0c609789e4e7181cf55cda0c50fb3389067945f4bdb8ca919a,code,whole-text-static-scan,file_write:2
scripts/architecture/repository.mjs,scripts/architecture,137,7f80c1e41402eb10c74daca2c63cb02b73a471971f8bbc1560f534f344700dac,code,whole-text-static-scan,process:3
scripts/architecture/source-analysis.mjs,scripts/architecture,195,68ef5557d01b14180de9bb0e7feeacf3cfa5ddc3b87aeae431e25bd5ebc713ee,code,whole-text-static-scan,
scripts/ci/archive-tauri-schema.mjs,scripts/ci,39,389cc4de5ebe26dc74024bf61bef8a4212a302d5e32a56c69672188ce1311266,code,whole-text-static-scan,process:2
scripts/dependencies/prepare-parent-node-modules.mjs,scripts/dependencies,266,babdeac3c746aca00b9770af5253a9d6b9758a1bc472bfaa50408d94cb08dcfc,code,whole-text-static-scan,process:2;file_write:2
scripts/stage-00/collect-baseline.mjs,scripts/stage-00,296,ae54483c2d23baa96e8ce32c58ae8930521f6f16c615e1b048aa5bb5984c449e,code,whole-text-static-scan,process:2;file_write:3
scripts/stage-00/persist-results.mjs,scripts/stage-00,94,641cc393cfba9179e16ad2f61436956145ff6e6a7f2a3ca9c8a370074b601d4c,code,whole-text-static-scan,process:2;file_write:3
scripts/stage-00/persistence/render-stage-record.mjs,scripts/stage-00,185,a033e87b52711479261b036ead816dba7af1143b80fc52cfe3386e89c3b82895,code,whole-text-static-scan,
scripts/stage-00/persistence/update-readme-record.mjs,scripts/stage-00,27,44296e84260b01eb665fca8612512b5b43649a2125adf413cbe07cc4cf5b8403,code,whole-text-static-scan,
scripts/stage-00/run-check.mjs,scripts/stage-00,90,a6c9831e3aa7b26a9d8ae555cc66eeb68cb283e0cd710acc3579a6946bc0bf23,code,whole-text-static-scan,process:1;file_write:3
scripts/stage-00/summarize-results.mjs,scripts/stage-00,90,902be3a47dc670d2f64e47d15034109144f45aae634814f36e712ad7c634e2c7,code,whole-text-static-scan,file_write:3
scripts/stage-01/collect-module-inventory.mjs,scripts/stage-01,13,31e6e6b2b892c78a965c6ac8da8bc6121afe66b011b34b4e1a8ed6fbf8b5707e,code,whole-text-static-scan,file_write:2
scripts/stage-01/module-inventory-core.mjs,scripts/stage-01,205,80e5f6e46bc2f39d62322356d9541cf6d631af627ed49aca601c9820a7a6045c,code,whole-text-static-scan,process:1;async_resource:3
scripts/stage-02/collect-dom-asset-inventory.mjs,scripts/stage-02,69,e2b91258928f9a68c01c9ee7409078b755a907577c6971aa468bf80b4c7852f2,code,whole-text-static-scan,file_write:2
scripts/stage-02/dom-inventory/html-inventory.mjs,scripts/stage-02,231,89ab08dc1ac3510b413948bb470bf0c98344cec63abab580bdfc2ae7a62e5c58,code,whole-text-static-scan,
scripts/stage-02/dom-inventory/migration-map.mjs,scripts/stage-02,192,29b6f3186fae9abf91cd70100fd7c60addde6fc1d3a812a88dad7cbe3679aefb,code,whole-text-static-scan,
scripts/stage-02/dom-inventory/repository-references.mjs,scripts/stage-02,148,9961f92515a3b3b4d49bf25ba496041f45260b67dd656b09d368d51b4e67e37e,code,whole-text-static-scan,
scripts/stage-02/icon-sprite/inspect-svg-sprite.mjs,scripts/stage-02,42,284416d2ad8cffcd965c68674d7ba5da22aaee7ac1b263e2295e91a8c9ea0814,code,whole-text-static-scan,
scripts/stage-02/record-ui-foundation-evidence.mjs,scripts/stage-02,375,d104c3b7593b310a45fc2070b5ae3f11897b7226178ee73561ff4810e014bf6c,code,whole-text-static-scan,file_write:2
scripts/stage-03/record-create-platform-evidence.mjs,scripts/stage-03,279,d4c3b19a392a373b2702b2750883654a023a23237deaad53478072e152608ef3,code,whole-text-static-scan,file_write:3
scripts/stage-03/record-platform-cutover-evidence.mjs,scripts/stage-03,100,5977497bd56d26f5f663d67fd1ed7d35ec5c9e1d627ac59e6688b11cd0372a0b,code,whole-text-static-scan,file_write:2
scripts/stage-03/record-platform-evidence.mjs,scripts/stage-03,815,f03d74df781c923acb2226264c6badb2e44981a1e9333284e90c7f9934be93ab,code,whole-text-static-scan,file_write:13
scripts/stage-03/windows/prepare-embedded-driver-host.ps1,scripts/stage-03,115,fa1534efdfdbaecea21aec08b5b26fe42f2a757c69423f0d31a4bca9945252ce,code,whole-text-static-scan,
scripts/stage-04/locale-key-audit.mjs,scripts/stage-04,279,a84cee78cdeb58ee2a1ab948530901b427db0db3ee81d04c47a81dc22d66fac5,code,whole-text-static-scan,file_write:2
scripts/verify-architecture.mjs,scripts/verify-architecture.mjs,8,6a00fc7a1f21cac11f456515b5bfb8abe3f28f29279f790c3fef4a5f5f708d94,code,whole-text-static-scan,
scripts/verify-generated-files.mjs,scripts/verify-generated-files.mjs,7,cd81f7aef1db30cbf0bf884fa4d750abd52a4a0e6261f56eb168d19d83329300,code,whole-text-static-scan,
scripts/verify-no-legacy-runtime.mjs,scripts/verify-no-legacy-runtime.mjs,8,4ed16c133c54722a571ef80457d403169259ea92da48e3711e5a2992d40e910c,code,whole-text-static-scan,
scripts/verify-readme-record.mjs,scripts/verify-readme-record.mjs,7,9506fb3e8092b97b72ca4c436d1c22f79568913ee17704a929fc0be1829d4cb7,code,whole-text-static-scan,
src-tauri/Cargo.lock,src-tauri/Cargo.lock,4861,d5db1958c97ab07812234cc4aca35fdac46115ceac224ce35e8ab2869c5d7ada,config-or-lock,whole-text-static-scan,
src-tauri/Cargo.toml,src-tauri/Cargo.toml,20,303d82fb345bb7bda707d429f76df0aa1524947417617aff6e39c8746bd2be92,code,whole-text-static-scan,
src-tauri/build.rs,src-tauri/build.rs,3,487059eaf8a947b80f20a9aacac038a5047b2ad69d2401b827376c67d6fe847f,code,whole-text-static-scan,
src-tauri/capabilities/default.json,src-tauri/capabilities,21,003086d2d25270a944eb0d961d04b7f0467ced94e1586f3d4337829ce7b2b5d7,config-or-lock,whole-text-static-scan,
src-tauri/gen/schemas/acl-manifests.json,src-tauri/gen,1,1ce222aa53b14ed5c01aed81522a934227ff325b7eed2df247252de4fcb3b345,config-or-lock,whole-text-static-scan,
src-tauri/gen/schemas/capabilities.json,src-tauri/gen,1,ba11f441e6cac20f031b7080398024470c2ef55373ca85f7f99c5924abe7a18a,config-or-lock,whole-text-static-scan,
src-tauri/gen/schemas/desktop-schema.json,src-tauri/gen,5934,b5c6e214b83d5446a912790522469085fa1a51e4c72136de8d4782227669efdd,config-or-lock,whole-text-static-scan,
src-tauri/gen/schemas/windows-schema.json,src-tauri/gen,5934,b5c6e214b83d5446a912790522469085fa1a51e4c72136de8d4782227669efdd,config-or-lock,whole-text-static-scan,
src-tauri/src/document_store/cache.rs,src-tauri/src,146,d69d10c79d032fa54b35485d1e20030522bc413c3210c5a5d300d92041a8cdc6,code,whole-text-static-scan,
src-tauri/src/document_store/chunks/mod.rs,src-tauri/src,12,a76066cda8f8678782df0588b1b5995212ff9d01e02e00f8dacfad166cbac027,code,whole-text-static-scan,
src-tauri/src/document_store/chunks/reader.rs,src-tauri/src,124,6f0c9f9e3b7f9ccb470f437b6ea8ec9697acaf8356b12d8b87ebedefda83c188,code,whole-text-static-scan,
src-tauri/src/document_store/chunks/upload_session.rs,src-tauri/src,135,f6688e41e9c7bc9f003458502e582b638f7919e982fd6dea1fdd5984e93ecc44,code,whole-text-static-scan,file_write:1
src-tauri/src/document_store/commands/delete.rs,src-tauri/src,21,e054712424e640769ffb174d370e7a199d0be1629f404b0fc36ead8c2ef47f2b,code,whole-text-static-scan,
src-tauri/src/document_store/commands/load.rs,src-tauri/src,53,fda2872f844e84116911be8ddc364733153566c773b6299dba69f4621d61d80b,code,whole-text-static-scan,
src-tauri/src/document_store/commands/mod.rs,src-tauri/src,14,4e6fcb5db94905fec19cf68d0f7016ff2a74e9cc1ac35975f0226fd91495d578,code,whole-text-static-scan,
src-tauri/src/document_store/commands/save.rs,src-tauri/src,25,b46a8fe2e987b6338562d6c75f10632e071a7fb3e68c40b4aa33e545ba29d0f5,code,whole-text-static-scan,
src-tauri/src/document_store/commands/search.rs,src-tauri/src,25,ed964288932ab9de6f248515f999225e88c1b5287bc3026b982624a54c66c150,code,whole-text-static-scan,
src-tauri/src/document_store/commands/snapshot_upload.rs,src-tauri/src,63,519ed9f0dfc4545fa0b1dfada17c3bf40390c1acd0b7f084fd8c0558e8a68bea,code,whole-text-static-scan,
src-tauri/src/document_store/index/builder.rs,src-tauri/src,122,e574b78b8e5a8133598255916a8563fe3ac55c1ad1f9484ddd5cceeb2041a2ff,code,whole-text-static-scan,
src-tauri/src/document_store/index/headings.rs,src-tauri/src,82,1652ec9d059d70061bc1e807795f439b477a8b3805857416bb95b8fdd0f42d00,code,whole-text-static-scan,
src-tauri/src/document_store/index/mod.rs,src-tauri/src,12,ba45f035d0944d9c9d234b5d382315a5763368902afbba6358f818b8823f8097,code,whole-text-static-scan,
src-tauri/src/document_store/index/search.rs,src-tauri/src,100,dd5fe54eefa366b281edba5677b997171f85da11434423f2d6834d371b1aa743,code,whole-text-static-scan,
src-tauri/src/document_store/index/utf16.rs,src-tauri/src,109,0dffedd3cb386db77afb3e2e1c72b8a2589bc16ced0f8ed7ab8ee3f7eb9270eb,code,whole-text-static-scan,
src-tauri/src/document_store/journal/append.rs,src-tauri/src,81,ddc52aef27483b8b3af91829d4b8a4bc3854177cd7ef9c0ab24d1490e661851f,code,whole-text-static-scan,file_write:1
src-tauri/src/document_store/journal/entry.rs,src-tauri/src,58,aa9b2795c127055a2d7f25d108e429c191047c812b71ca427a1dd4402338260c,code,whole-text-static-scan,
src-tauri/src/document_store/journal/mod.rs,src-tauri/src,13,da04a6b963a264bcacb08bdfcf7e211f748f2c27f124aba7c2c730c7b498d5fc,code,whole-text-static-scan,
src-tauri/src/document_store/journal/recovery.rs,src-tauri/src,164,82c3b31b29e04a7556f737689f5b1f895db9de66857eb98fe7f100c60f2cdb09,code,whole-text-static-scan,file_write:2
src-tauri/src/document_store/journal/replay.rs,src-tauri/src,220,461ea25149c9c1e97ea2fc211a087df685e1e4c844a5368b98686ba5bebbb461,code,whole-text-static-scan,
src-tauri/src/document_store/mod.rs,src-tauri/src,53,3a0562d4ee46b44892701914f49bee0da72de92d162d292173a1ed5bb02f9158,code,whole-text-static-scan,
src-tauri/src/document_store/paths.rs,src-tauri/src,71,00e9795c60b48cab90add46c214bfa7b4fd54e0176257d63dbf0a3012673f470,code,whole-text-static-scan,
src-tauri/src/document_store/repository.rs,src-tauri/src,103,f104e4ccb23dbc6024d848b4608e17d6ab93f69f4794385c925fb1036570dbc5,code,whole-text-static-scan,file_write:5
src-tauri/src/document_store/snapshot/integrity.rs,src-tauri/src,48,85179a331ee08780d8a19e09522a0f60528abe664ccf5b5b1f42b012d6ed367c,code,whole-text-static-scan,
src-tauri/src/document_store/snapshot/loader.rs,src-tauri/src,147,1029d8b88ca4d002182687c96254f5ffc2e330fc2741d1569461b6936a6fcf5a,code,whole-text-static-scan,file_write:5
src-tauri/src/document_store/snapshot/metadata.rs,src-tauri/src,57,b455bea9c0de67c7e9ad068b5bd2c18cc462a960d8352ed27796c6137b5887b4,code,whole-text-static-scan,
src-tauri/src/document_store/snapshot/mod.rs,src-tauri/src,14,3c27e20da9793dbb858d511f284985029d85861d546f42fe4ac5582acc0a5cfd,code,whole-text-static-scan,
src-tauri/src/document_store/snapshot/slots.rs,src-tauri/src,83,d7a8821fac328410afff89a8cf4e0a33b5690e81704cd3b50d6dc6e4f5ed73bf,code,whole-text-static-scan,
src-tauri/src/document_store/snapshot/writer.rs,src-tauri/src,109,cd7dc83e9c429b41ed36fbec233f1291c7a2b4e2cf7be1b81326052b582469fc,code,whole-text-static-scan,file_write:5
src-tauri/src/document_store/store.rs,src-tauri/src,421,e05f265f13e24f96743f5e0151597af062a43b2b6e04ec15e0563c8888e0df35,code,whole-text-static-scan,file_write:2
src-tauri/src/document_store/types.rs,src-tauri/src,301,fb8cab890ad8ada29f41f8fa66f2492af8be68d0bc1e9c5de859ad84cd610368,code,whole-text-static-scan,
src-tauri/src/document_store/validation.rs,src-tauri/src,130,98bb656d0d2a517058167c68b7477e3155b77593b34ae7d666fe2c099f0468ee,code,whole-text-static-scan,
src-tauri/src/external_link.rs,src-tauri/src,74,997fca4f2d1ff5cd4a8abd4ad1444dc2a2b229c92905c3ae7b706a8e6fc1de25,code,whole-text-static-scan,
src-tauri/src/external_link/opener.rs,src-tauri/src,58,cbee1fd54561d00c6de55a0e3c17f629ad998f236282787e349d8dc0a321b400,code,whole-text-static-scan,native_unsafe:1;process:4
src-tauri/src/external_link/validation.rs,src-tauri/src,115,a6186e95199c7cdcb5765a133b9d646e8a10ebd710c2538349864879905781e0,code,whole-text-static-scan,
src-tauri/src/local_file/binary_writer.rs,src-tauri/src,91,ea4bff81ce6be97473d53d1f1abcbd51bde5b7facf8edab0e99cfdd7765f9c21,code,whole-text-static-scan,file_write:2
src-tauri/src/local_file/commands.rs,src-tauri/src,95,a3f67a7963cce1db22a857977e267ebc5805cf616bbebff3158f133d68c244fb,code,whole-text-static-scan,
src-tauri/src/local_file/directory_tree.rs,src-tauri/src,310,3df7256043c8d5bae3e66fea820deb0b6b9b8e8e519119d0557553b015e3605f,code,whole-text-static-scan,file_write:12
src-tauri/src/local_file/file_kind.rs,src-tauri/src,88,587b01e3ea0955e940a97faec94f9e11af173623ae1f841692a08bde090870f6,code,whole-text-static-scan,
src-tauri/src/local_file/image_reader.rs,src-tauri/src,125,5604467d878b31276e58351bb0b45effc6b2bc8caf2ff0c6f037dd4c303121ac,code,whole-text-static-scan,file_write:3
src-tauri/src/local_file/mod.rs,src-tauri/src,33,7b8b68844e0d16c247723928521e95196ace500d62f7a0ac079d1f0da74b55b6,code,whole-text-static-scan,
src-tauri/src/local_file/operations.rs,src-tauri/src,99,6add35953087cba925a0125093dbb53e66f57e81988d0c3df5ae519a41165948,code,whole-text-static-scan,
src-tauri/src/local_file/path_policy.rs,src-tauri/src,224,13ba59768d115a5c4bf8dd388f8cedf6d322bb743a9f886727b0bbb8989615c6,code,whole-text-static-scan,file_write:1
src-tauri/src/local_file/text_reader.rs,src-tauri/src,74,46cbcf233f8f2630b434eea26879f33c7b0c43acffd22e3401d54953fe68e38d,code,whole-text-static-scan,file_write:2
src-tauri/src/local_file/text_writer.rs,src-tauri/src,68,4c051b58e89c3ad24a868d0658e0b3be07c8cb67f023ba60f792d06c83d00da8,code,whole-text-static-scan,file_write:2
src-tauri/src/local_file/tree_limits.rs,src-tauri/src,181,9a41df53470f4027b4ff9bd6e19633c5a965dccf88f555ed3adfa996a20e048e,code,whole-text-static-scan,
src-tauri/src/local_file/types.rs,src-tauri/src,31,ee9f8d3a42b9c21ebb2673238a97b7e057714399cd9ad98a23cb01e1fbbdc70b,code,whole-text-static-scan,
src-tauri/src/main.rs,src-tauri/src,44,40a2a596a419d43879d16ab8bbc62e53c0afd5f9588b208b106c7320ff3cda87,code,whole-text-static-scan,
src-tauri/src/performance_log.rs,src-tauri/src,240,b7cd4a415e5dccffa8a7d9fee82219208a83934de774cc766a32e16f805f0343,code,whole-text-static-scan,file_write:2
src-tauri/src/performance_log/redaction.rs,src-tauri/src,209,1fb68bac62b76900b3880b2e0cd48fe9660dce7b27dd5e1351e8b63a8a6620ee,code,whole-text-static-scan,
src-tauri/src/web_fetch.rs,src-tauri/src,86,7a7f9938feae06984242885827f58f16486659b7209958aafbd6ea330ae6ac48,code,whole-text-static-scan,
src-tauri/src/web_fetch/client.rs,src-tauri/src,63,a2ff54e6509221df6f2736d4fd7b04f10097beb882d69ac422f33f8196b39486,code,whole-text-static-scan,
src-tauri/src/web_fetch/response.rs,src-tauri/src,53,d4f643c2216aecad303c4de82acb2c39a757792f8e8efb81c9355d3c0ab0f4fc,code,whole-text-static-scan,
src-tauri/src/web_fetch/validation.rs,src-tauri/src,26,895a62f46cf0c01c25bd6ffe0add8d9980bdc5fd9a7e9d1e0eaed1e166575d4a,code,whole-text-static-scan,
src-tauri/tauri.conf.json,src-tauri/tauri.conf.json,69,e1315660e229734a978b77d0017c7cb29115b04c79cf940e02dfe184ad4e8375,config-or-lock,whole-text-static-scan,
src-tauri/tests/document_store_compatibility.rs,src-tauri/tests,442,0e0c7d7ea3fddc86b9439fe0d2d47db8a877dd4d3c22fbb1280a953419edc185,code,whole-text-static-scan,
src-tauri/tests/external_link/command_validation.rs,src-tauri/tests,33,a170373ed84590218107284f3e5a2ebad8bb3284f30a969ab2cfa84e2efc9e5f,code,whole-text-static-scan,
src-tauri/tests/external_link/opener.rs,src-tauri/tests,231,95fda61b4b8fa01e67139073e39c27b95ad5bacf644ac63843a5f25d60fbcdd0,code,whole-text-static-scan,process:4;file_write:2
src-tauri/tests/external_link_opener_platform.rs,src-tauri/tests,10,9312e2a9d4bdb8890611ff706d4b409e37d9c9da79bf7698e7b0e066e160e41e,code,whole-text-static-scan,
src-tauri/tests/fixtures/document_store/corrupt-slot/snapshot-a.json,src-tauri/tests,1,54dc035e9301ad00b3613ea65eed3297a9ebaf503a241aa59cd4d7dcb3110ec9,config-or-lock,whole-text-static-scan,
src-tauri/tests/fixtures/document_store/corrupt-slot/snapshot-b.json,src-tauri/tests,1,5d8dc446399365a21d44d3c0b308b6a8a204e2e1943360e99b40d7f4fdb2e1bb,config-or-lock,whole-text-static-scan,
src-tauri/tests/fixtures/document_store/manifest.json,src-tauri/tests,40,26381beb0b011a8715e933c29daef4574072a41108f6570222557187bc0d029a,config-or-lock,whole-text-static-scan,
src-tauri/tests/fixtures/document_store/truncated-journal/snapshot-a.json,src-tauri/tests,1,b7de49b7b004795db9031e818ecd3130b75ef75c969abd07dc7f763a2861f344,config-or-lock,whole-text-static-scan,
src-tauri/tests/fixtures/document_store/valid-ab-journal-unicode/snapshot-a.json,src-tauri/tests,1,ec402b5796cdb3f2c2c5dadd322f25670f4b15500c81515ff83f1d269368a6dd,config-or-lock,whole-text-static-scan,
src-tauri/tests/fixtures/document_store/valid-ab-journal-unicode/snapshot-b.json,src-tauri/tests,1,97d56f361f3df7fc1852e445e44e98e9fbd4d82a8cbc4df785789779fffee25d,config-or-lock,whole-text-static-scan,
src-tauri/tests/fixtures/stage_12_security/manifest.json,src-tauri/tests,107,8bbe1a5b7c679833405abe77cbd89e8e4f3d225acd9941aa29116cef564d137a,config-or-lock,whole-text-static-scan,
src-tauri/tests/local_file/commands.rs,src-tauri/tests,251,6769699f754b7288795db18863a0fca4bc4aa29eb93137c70e4dcab7734f5e8d,code,whole-text-static-scan,file_write:2
src-tauri/tests/local_file/legacy.rs,src-tauri/tests,87,f80715d06359076b17a93d99d4f9cfe18c80b334538c9580376ac0caf16aaba9,code,whole-text-static-scan,file_write:4
src-tauri/tests/local_file/stage_12.rs,src-tauri/tests,133,005d6eb6edfe8907e213f853a363bd4ac2290f9ed31db2f8518178149819b9a4,code,whole-text-static-scan,file_write:2
src-tauri/tests/stage_12_security_compatibility.rs,src-tauri/tests,228,9444d2d8a2d7983d8818a19b198e919ffb07aea6856c8d1f8c5c0f67be312e87,code,whole-text-static-scan,
src-tauri/tests/support/document_store_command_contracts.rs,src-tauri/tests,464,757bbc602664aec88f86fea85e70054571e5be964be66bf67e4664f183abddaa,code,whole-text-static-scan,process:1;file_write:2
src-tauri/tests/support/document_store_concurrency.rs,src-tauri/tests,314,867ab282dfc16c27c766fcc9c8630775a3956aec3f45743c88e44ab6e075f26a,code,whole-text-static-scan,process:12
src-tauri/tests/web_fetch/http_compatibility.rs,src-tauri/tests,282,b872d5ff9855f9eebc2ddf364a8d8aad646c165c54f00bc63c99a6434fbdf62e,code,whole-text-static-scan,process:1;file_write:1
src-tauri/tests/web_fetch/validation.rs,src-tauri/tests,100,be2dc40eba966dc33bd83c9a409de4f1d537cd219e4ed1af4202a8b1fd93389d,code,whole-text-static-scan,
src/app/application-context.js,src/app,32,3a39bb965131b55dc2ecb08dd759d8ea53f1a5676c7d1cfb9c6e5115a1181e83,code,whole-text-static-scan,
src/app/commands/command-bus.js,src/app,41,fc000f222a31a988eb8161ad4812462e9672f8a7ed7f4c83f7c187048d953305,code,whole-text-static-scan,
src/app/commands/command-ids.js,src/app,40,3900c7e72226d91a5808daabf22fc728496bdd61b1ef369050cc25a94b51cfb7,code,whole-text-static-scan,
src/app/commands/command-registry.js,src/app,69,11280d056bf61bd6804f7dafadab5117ee2871693bc8731bb3e48536919daf33,code,whole-text-static-scan,
src/app/create-application.js,src/app,16,f9875d4fc62b3aa22056e1f8aa9a013a904c488548af0295e9f9cbf211f22d76,code,whole-text-static-scan,
src/app/events/event-bus.js,src/app,241,d0ba9012d4039cc510395f16417e2befc07ac0e31b777fb6cb9e3d568e0564ca,code,whole-text-static-scan,
src/app/events/event-types.js,src/app,40,32da9d6d7acc9fe729e6ac244f3755ff967c95a5af731029afd01ffef7a49700,code,whole-text-static-scan,
src/app/lifecycle/application-lifecycle.js,src/app,140,6dd6490f15992fb7d87c6278388c1172ccdfe4459757e39402bdd5f32f7cd6bb,code,whole-text-static-scan,
src/app/lifecycle/disposer-registry.js,src/app,126,fa8fd9910e88d17bbb2cf7b4989769ca42afa3f3de2d23123ec5843c2e1ec81b,code,whole-text-static-scan,
src/app/lifecycle/shutdown-sequence.js,src/app,20,ce82aac72b617682ec0015360cc2799b9047fd959bda07f10f91fd8fde1e38b2,code,whole-text-static-scan,
src/app/lifecycle/startup-sequence.js,src/app,11,2e5f34599d835f27f47fe1f00973e54b5717b7000fc21e6af8a2829348c0b59e,code,whole-text-static-scan,
src/bootstrap/module-entry.js,src/bootstrap,321,a8db27be415201b2e8dd6159ea3d8c72ca939014454736b15a8c5cfd8cca58d8,code,whole-text-static-scan,
src/document/document-model.js,src/document,369,d74ef9f70d389f3cc6afaca8acc3e7b0ae0cee9790c527f92868a69c60dd83b9,code,whole-text-static-scan,
src/editor/hybrid-markdown.js,src/editor,367,4785da739d57396fadcba064e852ce9127063589807a0408b43b98c7cdb1fdb4,code,whole-text-static-scan,async_resource:1
src/editor/hybrid/block-registry.js,src/editor,334,c7e7c8067dd1c0717ff0901383cd2a0e4126168405dcf9968d3700e587a5c0fe,code,whole-text-static-scan,
src/editor/hybrid/math-ranges.js,src/editor,203,8abe184871e44a2099e1f58f270ec0cc27a37eebfb06218982f33b0cef4f427c,code,whole-text-static-scan,
src/editor/hybrid/ranges.js,src/editor,126,365b54cf15e35a71c98af5c9fa475839a1f111048bab6df5a0373b8b4bf79301,code,whole-text-static-scan,
src/editor/hybrid/table-model.js,src/editor,101,c09d43ec577c294f67c18dd6aa6fae4ff119da78d4bf456b78875c0173319186,code,whole-text-static-scan,
src/editor/virtual-editor.js,src/editor,295,0e64e37cae8565225f7149bd2af7d38caaacbe73ea99be0e06e0effbc9b4e318,code,whole-text-static-scan,
src/features/documents/application/document-close-coordinator.js,src/features/documents,99,99738cf9eca94edbf26e8f748a6466f51f0518b0eb53cd3dd6b23ab81c617699,code,whole-text-static-scan,
src/features/documents/application/document-open-coordinator.js,src/features/documents,67,70f361da683eeee1a5aec09c838c03bf66ba37bb713cd38cebd884a7b402b919,code,whole-text-static-scan,
src/features/documents/application/document-session-controller.js,src/features/documents,401,2846d7c6cea0729127f7384d10eca5c43702fa3b26caf35d635d37440b4b2114,code,whole-text-static-scan,
src/features/documents/application/document-title-controller.js,src/features/documents,67,e3edecb1fa818df8678cc53fc39cea16d790ba1772deb31c5a0fadb9e53f42d2,code,whole-text-static-scan,
src/features/documents/application/recent-files-read-source.js,src/features/documents,28,9a5eb2b615388f37b72518bcd17797d424516a29be5926bbc62d9ca20794ff0c,code,whole-text-static-scan,
src/features/documents/compatibility/classic-document-controller-port.js,src/features/documents,60,cca9afba3061233d5377441351d7434bdeba13772cfb5ff72158a4b9edbe9353,code,whole-text-static-scan,
src/features/documents/compatibility/classic-document-domain-port.js,src/features/documents,57,156be6f25d0ddd29bf353e7a9aa7c834dcc77bf28511c71237444b0d92b8addc,code,whole-text-static-scan,
src/features/documents/compatibility/classic-document-session-port.js,src/features/documents,65,6546948f27b620295e08d6e8efe69e4b74b9d82b5c5c5e278941c1cbd3e9ddd2,code,whole-text-static-scan,
src/features/documents/compatibility/classic-document-ui-command-port.js,src/features/documents,49,98bc350f3f61ac71b259bdc03b36aeca897cde7edc7385148c5ecf120df9a581,code,whole-text-static-scan,
src/features/documents/compatibility/classic-recent-files-port.js,src/features/documents,35,7fb50b1014eb37a5f15a42d34d39165b1f7d2ea750fb17b55d3ba3062092cd87,code,whole-text-static-scan,
src/features/documents/domain/document-identity.js,src/features/documents,24,94c002c7e196736133ddc5b79ef9e9f78b0f2e12d222e1797a391592b67f751c,code,whole-text-static-scan,
src/features/documents/domain/document-native-metadata.js,src/features/documents,10,8868352edd4c9970e185ee26f1d57dbb4f77db55669fda076af66bf0ec831550,code,whole-text-static-scan,
src/features/documents/domain/document-path.js,src/features/documents,8,12408d774b5d2f508a5616d4eba60f4ad3414ec4b5fc208ec5d296fd9ebe7fc4,code,whole-text-static-scan,
src/features/documents/domain/document-record.js,src/features/documents,106,c70bcb1f0266d221f7f0226b543be54e5031652518fc2ec01b8d78e8c633749e,code,whole-text-static-scan,
src/features/documents/domain/document-title.js,src/features/documents,12,ffd8972ea588275281c6682d9ba47cd67dcd398c4244c74316931fbb22873076,code,whole-text-static-scan,
src/features/documents/domain/recent-file-entry.js,src/features/documents,27,4e4619653068d7c09ac21a273eee18c1a5e07aba27d2f360a1e44bcf9efb9d7f,code,whole-text-static-scan,
src/features/documents/index.js,src/features/documents,28,3147e9285b4a61a23fa90227ed9fc3aeefbb879c189b3cc5dd9584a77260bd42,code,whole-text-static-scan,
src/features/documents/infrastructure/recent-files-repository.js,src/features/documents,205,27a0b24362ad5a9f1f73b255c3a11a57616eaa0ecd7f7576d9a700de7e6b6d35,code,whole-text-static-scan,file_write:1
src/features/documents/infrastructure/session-document-repository.js,src/features/documents,189,4709791665b89e9917040b75cdaa97283ff6072cbf6218c536ac06cd00f96676,code,whole-text-static-scan,async_resource:1
src/features/documents/state/document-session-store.js,src/features/documents,190,37a48013b2ecac3214de172f630b034e46b32ef518f7af05227120d50f6e8667,code,whole-text-static-scan,
src/features/documents/ui/document-context-menu-view.js,src/features/documents,86,d9e6b7e08b71d008aa4ee4ca7da9ede76a4a0410b2d9c58ca8f2d1c740b5cce2,code,whole-text-static-scan,
src/features/documents/ui/document-list-item-view.js,src/features/documents,64,ea756564f3d5d45192c7392d26cba81ac95de0cfae4d02f88e8e982fff330cbb,code,whole-text-static-scan,
src/features/documents/ui/document-list-view.js,src/features/documents,67,0295d2765dd9a3d91b26e77d2f9c4639dee2799e425d21ba74308fe5997f7492,code,whole-text-static-scan,
src/features/documents/ui/document-title-view.js,src/features/documents,36,d53f51ef205432500889ce50efd8240c028062be115aa7c7070350c2a705b5b1,code,whole-text-static-scan,
src/features/editor/application/editor-command-service.js,src/features/editor,97,dd13033619a3ea50ae890cd077871b5c9a32ce26ce29daedb0f8cb1bb57b4902,code,whole-text-static-scan,
src/features/editor/application/editor-controller.js,src/features/editor,110,f387b895b84782a258771236c6f6992233e39f2544947eadfa6eb0fa02038bb3,code,whole-text-static-scan,
src/features/editor/application/editor-focus-service.js,src/features/editor,25,cc9e23563500e2fbfd6b00115f21c661ff48831f24a7a26df18556690f29e5b1,code,whole-text-static-scan,
src/features/editor/application/editor-history-adapter.js,src/features/editor,38,da0b565f4b51656c69970bd5dbe149d63670e904dad3fcefcf4cee711f94396c,code,whole-text-static-scan,
src/features/editor/application/editor-selection-service.js,src/features/editor,48,6fc8b0a8fc2398ad3501f6ceef2db231ab5f1feb1925dd5b16e8cc853f3f30b1,code,whole-text-static-scan,
src/features/editor/commands/block-format-commands.js,src/features/editor,32,1a38b9772fbd7b9975985fdd0ddd7650f1faac6f3e4eead900d8941c60f2e645,code,whole-text-static-scan,
src/features/editor/commands/code-commands.js,src/features/editor,23,4e8a764d0be66e63c6a232548afd14432c3b37c058b2b13c292ba795982aa5a4,code,whole-text-static-scan,
src/features/editor/commands/find-replace-command.js,src/features/editor,122,04d3ffffb624766fdcde42a8fcedcb12bc3563a1f0143e191e90de7adfb0fa29,code,whole-text-static-scan,
src/features/editor/commands/image-command.js,src/features/editor,24,6ddef2ca1ad8129307288bc1c5ba7efe9f3d21bbd9ef672b086624d3de32d853,code,whole-text-static-scan,
src/features/editor/commands/inline-format-commands.js,src/features/editor,112,1cc7c2f159ca8b5f22e7912043b97b7357a4efc42187517137adb1931edb4853,code,whole-text-static-scan,
src/features/editor/commands/link-command.js,src/features/editor,24,19095acda4abab0538e1e6c957aa5db61d9511c90647404ea957eff04f862844,code,whole-text-static-scan,
src/features/editor/commands/list-commands.js,src/features/editor,29,4403da30a8e0d86db9dc99fd8f33157bb52b648ec09a28e001e65ef01d4ecf5b,code,whole-text-static-scan,
src/features/editor/commands/math-command.js,src/features/editor,44,dde22bb3d06b8f36191c692f35391823c7f83a96560e07bd46ecc2b8b0e169d1,code,whole-text-static-scan,
src/features/editor/commands/mermaid-command.js,src/features/editor,21,e2ecad0927507f5f5993863c8b3f3e369e8ea65475475fa1a1c10ba3e5c45a8b,code,whole-text-static-scan,
src/features/editor/commands/table-command.js,src/features/editor,29,0ea30edb40cbce3f4acb85a90c770d46466752c65934293944d19f52fdd7a424,code,whole-text-static-scan,
src/features/editor/compatibility/classic-editor-controller-port.js,src/features/editor,36,609a906be11a04c1b8305a9a12db277d8851c01df1b52326f279133e0b06927c,code,whole-text-static-scan,
src/features/editor/compatibility/classic-editor-ui-command-port.js,src/features/editor,49,f0ce33266af222a8ea7a97eec62002bcfbfc97325e8dc3f6704be9e48665fb8d,code,whole-text-static-scan,
src/features/editor/index.js,src/features/editor,28,49b6341769c3cdcf30beb1be49f9c09b713b450fb7d177c12f473fffc6873195,code,whole-text-static-scan,
src/features/editor/infrastructure/codemirror-editor-adapter.js,src/features/editor,556,45a25705c6ca5e22566c97a4e0d2d4303eca8ea89487d78832a8b9b558fbe0ae,code,whole-text-static-scan,
src/features/editor/infrastructure/codemirror-extension-registry.js,src/features/editor,270,6bfacc63439a149b6a22ac6b3667f304a345cbcb622b3026e1d651985e38b095,code,whole-text-static-scan,
src/features/editor/infrastructure/pointer-selection/caret-boundary-reader.js,src/features/editor,178,c1408656924664cc509293fd3fb2a0cdc216bca2cb62c4a5098b0ab49a30909f,code,whole-text-static-scan,
src/features/editor/infrastructure/pointer-selection/pointer-selection-policy.js,src/features/editor,70,a0f4c1447aeed182454e3ac9e0663d059db8ceef1411ef6fb7c70a75e7aab49e,code,whole-text-static-scan,
src/features/editor/infrastructure/pointer-selection/precise-pointer-selection.js,src/features/editor,159,31c16fbc68d6eb99b57b051053b9591af04712429a17417d1b89d6545697a4c0,code,whole-text-static-scan,
src/features/editor/ui/editor-pane-view.js,src/features/editor,28,a694160c46e79c14f9d27a650c9639a47dd7d009b5013e3eab760e64f48a3f05,code,whole-text-static-scan,
src/features/editor/ui/editor-toolbar-view.js,src/features/editor,107,f33ab60c7a489fe10372523af4639210d5ee06614990010e5346d2b1ac5a003d,code,whole-text-static-scan,
src/features/editor/ui/find-replace-dialog-view.js,src/features/editor,106,ee243cc2fae1abfb93ab3266cd5cdca50ca62ebd9c3c882399182d791a5552e7,code,whole-text-static-scan,empty_catch:1
src/features/editor/ui/image-dialog-view.js,src/features/editor,98,7cdf73c325b5b03c19d7c706e92d6b1923ea04ccda285bd52fc6fae75a1fa95e,code,whole-text-static-scan,empty_catch:1
src/features/editor/ui/inline-color-menu-view.js,src/features/editor,105,2c986d83a3fc1ae41c0543c475a5115aaff4c2aa342ed0f3c3c18fb45c7a3b27,code,whole-text-static-scan,
src/features/editor/ui/link-dialog-view.js,src/features/editor,58,8152608f9503572804c1fca8a7e4e064a186f21e58d7ca46ad1b2e555e803a53,code,whole-text-static-scan,empty_catch:1
src/features/editor/ui/math-dialog-view.js,src/features/editor,17,270a369a6cbe7329f98cc1389227391f6777544f4b1ab1d02392ce63bfc0a4ff,code,whole-text-static-scan,
src/features/editor/ui/mermaid-dialog-view.js,src/features/editor,55,0859a233d5109b83ebf35da5d5963f3149879cccbc5c357395735a01d6281444,code,whole-text-static-scan,empty_catch:1
src/features/editor/ui/table-dialog-view.js,src/features/editor,47,300889391ada671cdfa713fcbbb1509d4a83f43348ba4f9065dfc4ec908014c6,code,whole-text-static-scan,
src/features/help/compatibility/classic-help-port.js,src/features/help,74,5d0b932aaa71945247ac4557086fba3a280cc7223e334af2a8a17a7f7f7760a7,code,whole-text-static-scan,
src/features/help/content/help.de.js,src/features/help,35,d24168626fea7c469ab5aaff43ce0252e79a46a1f5c26af053b2c9b3de6b0fcc,code,whole-text-static-scan,
src/features/help/content/help.en.js,src/features/help,35,4d8d460be781ff835f7c04aed00dbea768b2f1b40e1adf5807d05fbe88d53e20,code,whole-text-static-scan,
src/features/help/content/help.es.js,src/features/help,35,3e85dedf537d12c2ea4e30c8ca1d9bff231d40b25d0a63323af71edfb1bcfb52,code,whole-text-static-scan,
src/features/help/content/help.fr.js,src/features/help,35,5ebc92c0bf3a8fffb9eb8437a0cf13ef83eb1d0eb62dd24061a6881c1758ea64,code,whole-text-static-scan,
src/features/help/content/help.ja.js,src/features/help,35,4060a18107b736bea1eeb99a42840225bd379f887fdad1eec42e288aadec4c00,code,whole-text-static-scan,
src/features/help/content/help.ko.js,src/features/help,35,99ee5848c04d756b52aef791d927c58d20b98a5e084d87353b7434ab9a578973,code,whole-text-static-scan,
src/features/help/content/help.pt.js,src/features/help,35,f490abf32ff2749074a13c7e74f98d19e27cc4f1839978ec67ad171b03391f4f,code,whole-text-static-scan,
src/features/help/content/help.ru.js,src/features/help,35,5ea55311010cef471b436ab28e79de6e45c365c053df688af2873f2c508eaf17,code,whole-text-static-scan,
src/features/help/content/help.zh-CN.js,src/features/help,35,5b36f6fc67440a0dacd99f39728364360889ca7f70b0c8a3493fc37e6a96fcb2,code,whole-text-static-scan,
src/features/help/content/help.zh-TW.js,src/features/help,35,c0fd37dae06dc129fc9236a6ed01688cb5ec69f31dbba5899b7cf69d42925bb5,code,whole-text-static-scan,
src/features/help/create-help-feature.js,src/features/help,49,7a67163b7f4aae3a34e0600d2b3327d0ef9f310f37538865ca98ff79589a636e,code,whole-text-static-scan,
src/features/help/help-content-registry.js,src/features/help,133,c7af4c94618a324986a67461e118642316edec79cf5b2f2c3d65b2deef4109a4,code,whole-text-static-scan,
src/features/help/help-controller.js,src/features/help,135,8c88d2315e45dae1b8a2ae0a25fee423812856f1b3e334d0026de0f28e3c217e,code,whole-text-static-scan,file_write:1
src/features/help/help-state.js,src/features/help,40,efdb2aed7f6e4140daf0820779a8ba3297d016650a5e039b518cd582082e7f41,code,whole-text-static-scan,
src/features/help/index.js,src/features/help,11,d6e9a62a98cd2543abe5e09f19d643a9e8971e3433e62ffc13cfab133ec0ea46,code,whole-text-static-scan,
src/features/help/ui/help-dialog-view.js,src/features/help,135,9394bb0d04d1bfc8a43b555cf22ffc21671f95bf3bb968fa85f2d895d6edef0c,code,whole-text-static-scan,html_sink:1
src/features/help/ui/help-navigation-view.js,src/features/help,93,dbf5eb60894574ab43564d598455e9ca38f3e9d623c8a4b69b381e4b076ad0d5,code,whole-text-static-scan,
src/features/hybrid-editor/activation/outside-pointer-closure.js,src/features/hybrid-editor,43,e3adf5f4fc0557b50c44b5f211c344af18c2fa0369c8bf0fad4c6bd74af0c01b,code,whole-text-static-scan,
src/features/hybrid-editor/activation/source-activation.js,src/features/hybrid-editor,34,b6d4429f030fa116039c5a31faa02b788b71e3627bef9d57eab6d53de406be23,code,whole-text-static-scan,
src/features/hybrid-editor/activation/strict-double-activation.js,src/features/hybrid-editor,119,9b8b7b8b44b4228254ce6c1f4c494520d1df685699b6b0c1cb0f0a0dce51067f,code,whole-text-static-scan,
src/features/hybrid-editor/application/hybrid-decoration-coordinator.js,src/features/hybrid-editor,249,398b180938ee46400f1cf285fa0bd9d6ed0c40cbc67cd279390f31731245c7c9,code,whole-text-static-scan,
src/features/hybrid-editor/application/hybrid-editor-controller.js,src/features/hybrid-editor,150,e54916af0e098452450aebc4935599f422661437ef6d807d56dc8a00c05b2b3e,code,whole-text-static-scan,
src/features/hybrid-editor/application/hybrid-source-edit-controller.js,src/features/hybrid-editor,274,7a2b372a4a2a703fb1da7365066e23e4fb8a1352ed7c1b2216ae1b2934b04939,code,whole-text-static-scan,
src/features/hybrid-editor/code/code-highlighter.js,src/features/hybrid-editor,164,232b2c2e0f1bd31d5753938af8c8ab3bde64a901111dd42fb7e76a9aaca26c43,code,whole-text-static-scan,
src/features/hybrid-editor/code/code-presentation.js,src/features/hybrid-editor,75,ea79037de9c8eef21c6c7680ae7aa9ed2b76556fb41dd458fbded268588e95c3,code,whole-text-static-scan,
src/features/hybrid-editor/compatibility/classic-hybrid-source-edit-controller-port.js,src/features/hybrid-editor,39,93206bc8b890567e55386b54392557bfb0850d10d2ef8a68c91bfa5c7367324e,code,whole-text-static-scan,
src/features/hybrid-editor/compatibility/codemirror-source-editor-port.js,src/features/hybrid-editor,113,8793f145d8a6ce8a414789e5e21ca6c323ccdb5fd488e610e3dd1a53bd50be5b,code,whole-text-static-scan,
src/features/hybrid-editor/image/image-source-cache.js,src/features/hybrid-editor,65,cdb0dc775cbf8f0989e10b016cc2c087adc1ceb5bee10226e7784bf43c7b415f,code,whole-text-static-scan,
src/features/hybrid-editor/image/image-source-resolver.js,src/features/hybrid-editor,79,3a12856eaa19237228ae41367092588cef44c952657ad9a27c3d2f5ba7c949b3,code,whole-text-static-scan,
src/features/hybrid-editor/index.js,src/features/hybrid-editor,149,727b7e4b354748bc1a1263283499f3a12a589387e533c0943e6cdc83d4b4cddb,code,whole-text-static-scan,
src/features/hybrid-editor/lifecycle/widget-geometry-scheduler.js,src/features/hybrid-editor,105,4e38ff098eb03c479dcc230bda0407adbd431ad860c104c95b055df03af78ee9,code,whole-text-static-scan,async_resource:4
src/features/hybrid-editor/lifecycle/widget-lifecycle.js,src/features/hybrid-editor,76,35833c45867298a2a64387ee109e92b783103de92eefa3fdad9bf2f663823488,code,whole-text-static-scan,async_resource:3
src/features/hybrid-editor/presentation/heading-presentation.js,src/features/hybrid-editor,73,2980c1dd7db7c923c4e92bb9e94b241d2fc05a6d25e752ff791fbcdd819650ae,code,whole-text-static-scan,
src/features/hybrid-editor/presentation/html-inline-presentation.js,src/features/hybrid-editor,242,2c4f94235b3833295f33b8b39c4e42e612b648aafa1590aeae93c21c32af1634,code,whole-text-static-scan,
src/features/hybrid-editor/presentation/inline-format-presentation.js,src/features/hybrid-editor,185,88d7bd11c0b969cf86389a68bf23e47645919a56f9b6e04f9fd947bd1ae3b4ff,code,whole-text-static-scan,
src/features/hybrid-editor/presentation/inline-presentation-coordinator.js,src/features/hybrid-editor,371,e383c594678fd17f908bf2e72e3899db6535afbac0006e83304514bfa04b2ce1,code,whole-text-static-scan,
src/features/hybrid-editor/presentation/link-presentation.js,src/features/hybrid-editor,231,a810bd1d127e102433859ed980b7d9f33231fe88abfddb4b58a7e671775403ec,code,whole-text-static-scan,
src/features/hybrid-editor/presentation/list-presentation.js,src/features/hybrid-editor,51,414ac68015ccf208a5373849b4145e3eeac01673e4d968f6e3c4b51815d2b2e0,code,whole-text-static-scan,
src/features/hybrid-editor/presentation/quote-presentation.js,src/features/hybrid-editor,88,2fe4385585f5013f5fbaa209cc7911e58b2081b9a3e2a99d88266faab244cd8f,code,whole-text-static-scan,
src/features/hybrid-editor/runtime/hybrid-sync-capabilities.js,src/features/hybrid-editor,29,e48ecb416843724da4f5dbca1d3f2e33df576d31334944e8b1ee6c8d91eb9c90,code,whole-text-static-scan,
src/features/hybrid-editor/state/hybrid-component-session.js,src/features/hybrid-editor,275,964acffa2dd98033e0739f7343ffbda15f86100e926cf76366b9b5c7e7d65e48,code,whole-text-static-scan,
src/features/hybrid-editor/widgets/code-block/code-block-actions.js,src/features/hybrid-editor,59,ecd387c3011f81b2613f8b6639e7a04939c8ef0092f836bf3ee210f43f4c168f,code,whole-text-static-scan,
src/features/hybrid-editor/widgets/code-block/code-block-direct-editor.js,src/features/hybrid-editor,178,86293c6a997016644d5b2ac914f9c1dba6111a3373c1b2473d614d06c01e7421,code,whole-text-static-scan,
src/features/hybrid-editor/widgets/code-block/code-block-view.js,src/features/hybrid-editor,59,807bfbfc5c9284f2960ad7168baeb3dc8b39b5a72ec8ce036b555441a1da4c40,code,whole-text-static-scan,
src/features/hybrid-editor/widgets/code-block/code-block-widget.js,src/features/hybrid-editor,248,51d30f268d6f9ce1d7bedc658d6c56c5edb07bbb045f4d7171e48d08b60eb673,code,whole-text-static-scan,async_resource:1
src/features/hybrid-editor/widgets/horizontal-rule/horizontal-rule-widget.js,src/features/hybrid-editor,26,dc56774c0ba07b0bdc4870641ace90943d36a7c09cd05e2f9a273eb1c8940643,code,whole-text-static-scan,html_sink:1
src/features/hybrid-editor/widgets/html/html-block-view.js,src/features/hybrid-editor,38,5c7ccea46e4de910fffdcfa28563d63c94baf1615bdee8f131b7c47ae571a07e,code,whole-text-static-scan,html_sink:1
src/features/hybrid-editor/widgets/html/html-block-widget.js,src/features/hybrid-editor,86,ba58fcdbd189bf02cfa0a195a77ff2409965e875c4f2d11768f9436d2f8077a6,code,whole-text-static-scan,
src/features/hybrid-editor/widgets/image/image-error-view.js,src/features/hybrid-editor,25,954f0e0cbd0344c7b66a8a1e40e47af003b5f16ef99ad75a8c01a3c8a098c50c,code,whole-text-static-scan,
src/features/hybrid-editor/widgets/image/image-widget.js,src/features/hybrid-editor,227,9ad22acd2ce7baefe9a86fbd075071f725163f02723db85598fb0c753f8dc5ea,code,whole-text-static-scan,
src/features/hybrid-editor/widgets/math/block-math-widget.js,src/features/hybrid-editor,117,a9f31c1b9fade9fdf1c1ad3c29b9e59445d9a96712b8d76241fc2801a8d06a1c,code,whole-text-static-scan,
src/features/hybrid-editor/widgets/math/inline-math-widget.js,src/features/hybrid-editor,91,29531eef66e7367ab1b00cf4a9cb15655128d9ed2cad1cf32853b36e772727c1,code,whole-text-static-scan,
src/features/hybrid-editor/widgets/mermaid/mermaid-actions.js,src/features/hybrid-editor,58,f6d7a81e79297add2ac47c519a39b1b1f18140022013a88650953270910be3e7,code,whole-text-static-scan,
src/features/hybrid-editor/widgets/mermaid/mermaid-render-state.js,src/features/hybrid-editor,70,bf8e4517fb10ccce6e8eb9ed248ca4aefe34d8524c405c4e07a8fc2c2cf41db1,code,whole-text-static-scan,
src/features/hybrid-editor/widgets/mermaid/mermaid-widget.js,src/features/hybrid-editor,335,795d883a540c5d3c48f5dc1fedeaecdf8f29d1ba5b1f2bb6d7c896f913a2dc2f,code,whole-text-static-scan,async_resource:2
src/features/hybrid-editor/widgets/prefix/prefix-widget.js,src/features/hybrid-editor,32,a9a52bc8ff6babf6e074701dc881f486ff8bacbd3a2993dcedc168644768cbbf,code,whole-text-static-scan,
src/features/hybrid-editor/widgets/prefix/task-checkbox-widget.js,src/features/hybrid-editor,51,e1f416a8ff2dc79be4ba53747e3f7e3b22b8d306d9407e66c92dd4a1ff1778e5,code,whole-text-static-scan,
src/features/hybrid-editor/widgets/shared/widget-button.js,src/features/hybrid-editor,20,5d9a6b08cfd218046fdbae37b1033c2e7aeefca5df0dcb081fc47b8a87b213f4,code,whole-text-static-scan,
src/features/hybrid-editor/widgets/shared/widget-focus-policy.js,src/features/hybrid-editor,33,a6a1c3780c6ea267d54aea6968ab160f9fb4e5a3c6caa2470017332c9b16f494,code,whole-text-static-scan,
src/features/hybrid-editor/widgets/shared/widget-source-action.js,src/features/hybrid-editor,65,d35c954871050a9a7d687db9ec414a601d017faeadc6fbdb927ff93fa588d696,code,whole-text-static-scan,
src/features/hybrid-editor/widgets/shared/widget-toolbar.js,src/features/hybrid-editor,23,482b23dd1fa191d98441e7e17da2770c5c72c9fc309d6a38c7e34b6f909ea770,code,whole-text-static-scan,
src/features/hybrid-editor/widgets/table/table-cell-editor.js,src/features/hybrid-editor,139,6a865fd241758164d154efe2ac5c10341a87826bd272b92835ecbf99ddeacf57,code,whole-text-static-scan,
src/features/hybrid-editor/widgets/table/table-keyboard-navigation.js,src/features/hybrid-editor,61,79046bb167d7a8be2820220e514d558ee40a77bac3012288d18f14900a0e531f,code,whole-text-static-scan,async_resource:1
src/features/hybrid-editor/widgets/table/table-view.js,src/features/hybrid-editor,73,7a8e7f8feacede434c3f4d343f56d4d9ab96a9b7841d4d0184366e68c55ea086,code,whole-text-static-scan,
src/features/hybrid-editor/widgets/table/table-widget.js,src/features/hybrid-editor,272,ea9200141f65fbe235dd7ab82cbb1532c48cd4242636c17578acc5db2ab337d2,code,whole-text-static-scan,async_resource:1
src/features/hybrid-editor/widgets/table/table-writeback.js,src/features/hybrid-editor,59,e8a848e92d10d1676f47409fc7a478f2c43eabbe488401eeb7804990618cfd34,code,whole-text-static-scan,
src/features/layout/compatibility/classic-layout-state-port.js,src/features/layout,97,e57beb4a11b8a7bae5d423312cbfbe9ecafc605c196c4780a3d19456dfeec18f,code,whole-text-static-scan,
src/features/layout/compatibility/classic-split-controller-port.js,src/features/layout,34,ccfd0634ba2c71871a6addbedbcf2dcc22d42eb4b1c2fac91ed74163770b6ab0,code,whole-text-static-scan,
src/features/layout/fullscreen/page-fullscreen-controller.js,src/features/layout,102,aa8e55553cb4872ab3f47399f1596dde44530c0d3d3c535b9c8cc064ee3d9281,code,whole-text-static-scan,
src/features/layout/fullscreen/system-fullscreen-controller.js,src/features/layout,108,cbf375de0f3f0eb6da68ea5a3b571357cdea3e135f5a6f722f390059048a3eb1,code,whole-text-static-scan,empty_catch:1
src/features/layout/index.js,src/features/layout,25,8ea5e6ec3ffb83221690c30b41f4dca48fc60609800d1d4ac884ae9065bada99,code,whole-text-static-scan,
src/features/layout/shell/compact-shell-controller.js,src/features/layout,167,f84d976fdd97d008771d218b1fc50405895aac93ef35042ef5693088796caf9c,code,whole-text-static-scan,
src/features/layout/shell/responsive-breakpoints.js,src/features/layout,44,e1f705e7cbb77067072756d9bebda589e9517e97db1da08ee3b009e6d312003c,code,whole-text-static-scan,
src/features/layout/sidebar/sidebar-layout-controller.js,src/features/layout,71,14bce67ea1252306abba780b1072253b7cbe34ce209302c547a236cf1c8be021,code,whole-text-static-scan,
src/features/layout/sidebar/sidebar-resize-controller.js,src/features/layout,234,87f26428dc85d95b9a58413f68a9708200a8df28dc1497469ac5d786c7b68ee0,code,whole-text-static-scan,file_write:1
src/features/layout/split/compact-split-controller.js,src/features/layout,155,77bf83a963930f9b5667be5ab3b6eeb643042e0fb218045dda5c307e241284e8,code,whole-text-static-scan,
src/features/layout/split/split-pane-controller.js,src/features/layout,180,29f067b394af02eb45af440b7583b45657deb4635d408bf2294056f2954d64aa,code,whole-text-static-scan,file_write:2
src/features/layout/split/split-resize-controller.js,src/features/layout,214,b38fa2c6f96f606f37728e80310a0bc60e673a95840932a8236b2d9dc1e4ef02,code,whole-text-static-scan,file_write:1
src/features/layout/state/layout-state.js,src/features/layout,259,028719a29ebaf13929f465d5ef740d380e98aa5a80f8a128a02f16032e6e71f5,code,whole-text-static-scan,
src/features/layout/toolbar/toolbar-boundary-controller.js,src/features/layout,189,cc31cab6028793e79f77e78aca2260db232d0027f536585563b63e65dcf51870,code,whole-text-static-scan,
src/features/menu/compatibility/classic-menu-command-adapter.js,src/features/menu,124,0d5a42d770004fed34a655e9ebc63b06b744ab2a9c4db24e28ae7fd66a4975e3,code,whole-text-static-scan,
src/features/menu/compatibility/classic-menu-command-port.js,src/features/menu,64,8911af9868f72b0cf7288c46af33ff2290fc70df236e3462fdfcdcb8c8f0a51e,code,whole-text-static-scan,
src/features/menu/compatibility/classic-submenu-positioner-port.js,src/features/menu,33,ee7ebabf83447be88d252ec6ec84b00849bb53b1a272bd71255daf22d9caba43,code,whole-text-static-scan,
src/features/menu/index.js,src/features/menu,16,639fcf515852e5e6cd27b4746b8405bf33cad09b28a2c820b43fdb4e579c5e9e,code,whole-text-static-scan,
src/features/menu/menu-command-bindings.js,src/features/menu,127,d03f0fed388025c8f0e57069b13372a3b135de934bbe4d6ec5a34ef8e72677b8,code,whole-text-static-scan,
src/features/menu/menu-controller.js,src/features/menu,81,83a346a37c6b052db48f9d52dc07b2558cc8f50f92743556e1a01a8a857ae352,code,whole-text-static-scan,
src/features/menu/menu-state.js,src/features/menu,129,3e135017b6ad4cacf6303616e45ca47177bbf5c365b3da989d7528445855fea2,code,whole-text-static-scan,
src/features/menu/menu-view.js,src/features/menu,170,3b0ff72be500186b116eebe47a0e8e580417f357edb967d8c256feb6a6724878,code,whole-text-static-scan,
src/features/menu/recent-files-menu-controller.js,src/features/menu,177,e51e802298529b7547f53f26ed78e36b25909f1c8d9b4853200a5d0a8020fee6,code,whole-text-static-scan,
src/features/menu/submenu-positioner.js,src/features/menu,214,e18cac732cfea515f1a45d5da96b152e501a4220b32320e3d21b04ee4798e93c,code,whole-text-static-scan,async_resource:5
src/features/persistence/application/autosave-controller.js,src/features/persistence,256,429bb27e8b46bb26223d7ffd69c7db0657e12677d441fc90f8565139e7e6a189,code,whole-text-static-scan,
src/features/persistence/application/close-save-controller.js,src/features/persistence,114,5370ee4e068743e4a5c28cc98487e3caf16b4083e1456e70821ba2b7210c70b0,code,whole-text-static-scan,
src/features/persistence/application/load-controller.js,src/features/persistence,145,8d96508e3585ffc74996322c457f75b85e891ff9b75c1b735158a0203a984e88,code,whole-text-static-scan,
src/features/persistence/application/save-controller.js,src/features/persistence,413,4a5145732d552d2aa93918f949b9442c52b2e334d16d860d2712e8afd4b23dbf,code,whole-text-static-scan,
src/features/persistence/browser/browser-document-repository.js,src/features/persistence,176,589c21539e34657c4728c7d7185c0ff7b55c6b51972006a68b284774eeeaf67e,code,whole-text-static-scan,file_write:6
src/features/persistence/compatibility/classic-save-status-store-port.js,src/features/persistence,73,f5efda0b345315792422e4fe6ef47698d7dce8ead85f23381ceb946f069fc576,code,whole-text-static-scan,
src/features/persistence/index.js,src/features/persistence,19,664c91a1117e7ea5ed0b573838f1045abdc72821e5504ffd9f858c339d3ccb66,code,whole-text-static-scan,
src/features/persistence/native-document-store/native-save-queue.js,src/features/persistence,204,98b50ddea9f045abc5385d799395748cbd136ffe7a7c0e7f7b3dd54fe9c4fb84,code,whole-text-static-scan,
src/features/persistence/native-document-store/native-save-session.js,src/features/persistence,133,eceed67dedadf6bf83053fc9855f741a99341aad0a33c49558488bb05cb77b1c,code,whole-text-static-scan,
src/features/persistence/native-document-store/native-search-adapter.js,src/features/persistence,45,1eb8431052f813ea984bcc9508bb425f57b67cfca4858a08bd00ce2ff478b493,code,whole-text-static-scan,
src/features/persistence/native-document-store/native-segmented-loader.js,src/features/persistence,114,0f9c90e3f84f274f1c0751251a26d2907625af8200cb8f2ea7599786b2e3266e,code,whole-text-static-scan,async_resource:1
src/features/persistence/native-document-store/native-snapshot-uploader.js,src/features/persistence,228,324d949e3c22d731406adab715948c1937fbb79dbfa36d8dee0757e6663b19ed,code,whole-text-static-scan,
src/features/persistence/state/save-status-store.js,src/features/persistence,212,79432f99ae1c631287fa51d03656b04b2294342862916ef932610c2deb016764,code,whole-text-static-scan,
src/features/preview/application/preview-command-handler.js,src/features/preview,81,a044b86c4d217b5e7af37356e7387ec9524fa1836ef9451ba3cd34f0e7ea753e,code,whole-text-static-scan,
src/features/preview/application/preview-controller.js,src/features/preview,232,fd3ecaa69dffccc1bcd30aef32a3e863b3af2af322b2da7106962015fa59011f,code,whole-text-static-scan,async_resource:1
src/features/preview/application/preview-state.js,src/features/preview,286,c43bcdcc121ddfdfb60e573f10af4d28471d4f3ccea28cb0cf88eb98df15c172,code,whole-text-static-scan,
src/features/preview/compatibility/classic-preview-enhancement-coordinator-port.js,src/features/preview,48,4ad3a591b9bfda5850c5aaccb841226b7cfb5c6bd6d5a35a3c388646c89f860f,code,whole-text-static-scan,
src/features/preview/compatibility/classic-preview-focus-controller-port.js,src/features/preview,40,2cbdf8ee79ed78bfb21ce2867b05fa8c4dbc5e9a804522c73804c06d30445cb1,code,whole-text-static-scan,
src/features/preview/compatibility/classic-preview-layout-stability-port.js,src/features/preview,40,44d0aae600611b48276026a9a70c72ec1b62c1df06b477c0c6077189a3c42485,code,whole-text-static-scan,
src/features/preview/compatibility/classic-preview-mode-resolver-port.js,src/features/preview,58,bb0d27d1ff40399368b32b7477ba88137ad4a6085b2814c8af084374243c368e,code,whole-text-static-scan,
src/features/preview/compatibility/classic-preview-presentation-port.js,src/features/preview,35,548c2530067aedc15c8133f0390a160c26a80c33311d5b38f799ae70a83fd91d,code,whole-text-static-scan,
src/features/preview/compatibility/classic-preview-recovery-view-port.js,src/features/preview,38,6cbc0b10a11a89226d6d0cb59b1a043727d6f6b813975f1ece5e7e3a1e8962cd,code,whole-text-static-scan,
src/features/preview/compatibility/classic-preview-render-coordinator-port.js,src/features/preview,62,d78bcf2a888d0cef35a8add230755a90fb02ae4e959e9717bf0b0993aeb0dc3c,code,whole-text-static-scan,
src/features/preview/compatibility/classic-preview-renderer-port.js,src/features/preview,47,35a602eb37b1b830dac4498eab5e96ae86f850acecdb21c74e3817c008ccb61c,code,whole-text-static-scan,
src/features/preview/compatibility/classic-preview-scheduler-port.js,src/features/preview,72,1b50c248688bf6fc49568e69d3164fca347b77600092be4138c32c633494e24b,code,whole-text-static-scan,
src/features/preview/compatibility/classic-preview-state-port.js,src/features/preview,95,00a3a034209af6025418a210b286b0310492d06200dd4dd8f19bbb1b7b7e6dca,code,whole-text-static-scan,
src/features/preview/compatibility/classic-preview-thresholds-port.js,src/features/preview,48,0efc496f8cc31a1e370e60f78d55ec2604b6229542ac7d25094c8b695bead693,code,whole-text-static-scan,
src/features/preview/index.js,src/features/preview,53,9266b1cff478b63b0937c919c59fb2fa8d689ab118beb4757df6fbd9fbe62cd5,code,whole-text-static-scan,
src/features/preview/pipeline/preview-cancellation.js,src/features/preview,84,756bb9b60d9203d117e328f2bdb5be153ec2df97f62ce3bd2f5d355b821a42aa,code,whole-text-static-scan,
src/features/preview/pipeline/preview-enhancement-coordinator.js,src/features/preview,289,65b2435719e61accaebe0f3a8f0b2273cd5f718da46cfeee1f56d697fb5d0325,code,whole-text-static-scan,
src/features/preview/pipeline/preview-focus-controller.js,src/features/preview,176,d3771a5db8dd33676e8c8d6f883112bf5ad911edd7dba9c46038745775a94bf0,code,whole-text-static-scan,
src/features/preview/pipeline/preview-layout-stability.js,src/features/preview,272,ad3d6a36d79ab72f6d2819b0991c37a79dd2b3855ec271efb3832ccc24d32e37,code,whole-text-static-scan,
src/features/preview/pipeline/preview-mode-resolver.js,src/features/preview,34,c71008542e14f902afd47bcd5f3fc55963ef7558961205899cfaf995b473bced,code,whole-text-static-scan,
src/features/preview/pipeline/preview-render-coordinator.js,src/features/preview,153,2807bfa56c021e842f004f9dcbfd06bf5b4aa4ecaac2e418760ea0e42a015d42,code,whole-text-static-scan,
src/features/preview/pipeline/preview-render-engine.js,src/features/preview,563,e9bcb36777309ff39e913d521f8867e13ede1f215ffa4d458a66d586431176d8,code,whole-text-static-scan,
src/features/preview/pipeline/preview-scheduler.js,src/features/preview,314,68a465e275164376e653f549c9c41639e15f3cc245b65ffb2886e23c9f125b7a,code,whole-text-static-scan,async_resource:4
src/features/preview/pipeline/preview-thresholds.js,src/features/preview,62,cc7d8ed1a6c8cc4b6545be62f72528c1f2a9fcdbae37e9d1ee99f2132c6f4159,code,whole-text-static-scan,
src/features/preview/render/code-renderer.js,src/features/preview,186,709160923ec6eaf317638d837f5fb10716112b4686bbcf98cea84aaeb38823b2,code,whole-text-static-scan,
src/features/preview/render/math-renderer.js,src/features/preview,31,69686a664e9911501b4765bff5bffd4c6f80a0174c0200ffde5ed295a3c12e98,code,whole-text-static-scan,
src/features/preview/render/mermaid-renderer.js,src/features/preview,145,35036b4c7a650db3f8ce14e0afa2eafa201e795d15584499e9ed9b8e36e6213e,code,whole-text-static-scan,
src/features/preview/render/presentation/math-presentation.js,src/features/preview,65,d9b03ff8b707f86dffbb7bdd14bb7699698ebd27bb55c855e4f3e7674f1b4f64,code,whole-text-static-scan,
src/features/preview/render/presentation/mermaid-presentation.js,src/features/preview,125,a3a4a9b5e29fcd0008c9cfd99c75aac09892c248f27366653db7be46c33917b2,code,whole-text-static-scan,html_sink:1
src/features/preview/render/presentation/presentation-api.js,src/features/preview,38,31e22d6bd3494ff6cae038bbdd6055bb2239e8d5ff2975bc3b92bcee520d4cb0,code,whole-text-static-scan,
src/features/preview/render/preview-block-view.js,src/features/preview,65,d52f26b1337531dc85ae59a5e76e2e79cffd26f922cdc54776ea705dfd45ebbf,code,whole-text-static-scan,html_sink:1
src/features/preview/render/preview-dom-renderer.js,src/features/preview,195,d0738fa8f510d06d99b9e38787f2afe360c010d879f68140bfec1e02b0118003,code,whole-text-static-scan,html_sink:1
src/features/preview/render/preview-markdown-renderer.js,src/features/preview,108,514d8ab3a4e1af3a450339bcc75dd75120a38e0d92f254956c5e6aefc24f07f4,code,whole-text-static-scan,
src/features/preview/render/preview-renderer-port.js,src/features/preview,94,599c2fc79cd9f105aef0a21d89f082559be31124e618c5df6101415b6222f881,code,whole-text-static-scan,
src/features/preview/render/task-list-renderer.js,src/features/preview,54,0ba75ee4c9841c6988661aee7071b05d103d57e750acea0f62508837d643f0d0,code,whole-text-static-scan,
src/features/preview/render/virtual-window/height-cache.js,src/features/preview,228,242913bf096eefb31936e73e3d90674bbc393bda20d3e62f0b420d4c58c87be5,code,whole-text-static-scan,file_write:1;async_resource:1
src/features/preview/render/virtual-window/spacer-view.js,src/features/preview,42,f4bc041f108caea101f99bf0db5ba2813b5c3e3e44f4c7e8bbb40e75db771ac0,code,whole-text-static-scan,
src/features/preview/render/virtual-window/virtual-window-controller.js,src/features/preview,587,840cbbd53c34f6d8e75e6573707149f05190f691865dd37f1c98e3f84b0b47c8,code,whole-text-static-scan,
src/features/preview/render/virtual-window/virtual-window-model.js,src/features/preview,186,199f58afb9bf645b2148df8ab1d546e8af79a9f053702cc61902d3851a98e723,code,whole-text-static-scan,
src/features/preview/ui/preview-recovery-view.js,src/features/preview,90,16bd91e3b01ec79efdfa765276478fc5526e41bb724e2786b6cca594611ca15b,code,whole-text-static-scan,
src/features/preview/virtual/virtual-preview-controller.js,src/features/preview,56,a1055ae2ea7b815df09ecdbc0594d2f99f3029701438134a70a43ab02aaf0fd0,code,whole-text-static-scan,async_resource:2
src/features/preview/worker/preview-worker-client.js,src/features/preview,363,e543a379525adc5ed5fc49d9d77cd20dcae1bf2e352a3a27b8800559b2b06d5e,code,whole-text-static-scan,async_resource:1
src/features/preview/worker/preview-worker-protocol.js,src/features/preview,159,32b7baee783b860bf24ac2dcf40b314b301ff313d38fe19a88947aa3ea961a48,code,whole-text-static-scan,
src/features/preview/worker/preview-worker-session.js,src/features/preview,204,dfbcaf230f08ae32f58700126bca30b3a960f7f0e14fb036d9d00f02d6229a6b,code,whole-text-static-scan,
src/features/preview/worker/preview-worker.js,src/features/preview,460,84a9c81a3fda171fdbf7d6dd8fe8258c697e874cfa2d3db2b0413f4696fe5bf0,code,whole-text-static-scan,
src/features/settings/application/settings-apply-coordinator.js,src/features/settings,85,0d49aca2bbe17efecaa55679b135d82f6486b668efecd39242b74a7ae3e569da,code,whole-text-static-scan,
src/features/settings/application/settings-controller.js,src/features/settings,208,a7342c857c6e599e9a56a45cb09959b05749430b37ad0a18123266956008cf96,code,whole-text-static-scan,
src/features/settings/compatibility/classic-settings-store-port.js,src/features/settings,92,d09c3ebe3bbf0d6fcd9e16e058b7e3a839088cce532916c482ed4d90683b8ad7,code,whole-text-static-scan,
src/features/settings/create-settings-feature.js,src/features/settings,64,b7f22cca81fb626f7cf013b08cefe7f08628ac5d89751f6d6863b2bf27532491,code,whole-text-static-scan,
src/features/settings/domain/settings-defaults.js,src/features/settings,26,ee7be0351c364a6d423e54d9520b30af21cab44f794f21bfcf9c8f31d4bff425,code,whole-text-static-scan,
src/features/settings/domain/settings-schema.js,src/features/settings,164,90ed589595f821375ba5d7692e06a9daa5a490bbd80f50a4d1c7873481a5e609,code,whole-text-static-scan,
src/features/settings/domain/settings-serialization.js,src/features/settings,83,1dfa57da1a025c81f904df207a6d0937f4e5bd68c7d888ed025dda7cd8d3eab5,code,whole-text-static-scan,
src/features/settings/domain/settings-validation.js,src/features/settings,73,aa33844b3ec5c8cb5afcb747db4c5ac66096c112cdbf7ed3587f2f0b7116d7ac,code,whole-text-static-scan,
src/features/settings/index.js,src/features/settings,50,4c236af865f89300ab209f6d61ec1d969be45a8f345f9fc9583e39a333b0557b,code,whole-text-static-scan,
src/features/settings/infrastructure/settings-repository.js,src/features/settings,143,e73230db60fca39e29685f114d8ecac48cbc79598a0c3ce939afbdcbd5da7f59,code,whole-text-static-scan,file_write:2
src/features/settings/sections/editor-settings.js,src/features/settings,20,16699605ea95fe24be7bc544274a2b461d90e71c22d7210142f21047f88b8d04,code,whole-text-static-scan,
src/features/settings/sections/general-settings.js,src/features/settings,19,ba43f17099cff99b91da9fc892add040aece0391fe6356a009cf46572abaa7c2,code,whole-text-static-scan,
src/features/settings/sections/performance-settings.js,src/features/settings,16,fabe6976c067d2bb15ce765dc86d0b75b2203aa74a827e88e6bd26b1e7f4d2c1,code,whole-text-static-scan,
src/features/settings/sections/save-settings.js,src/features/settings,18,4aa32fe41861bba2c9ebbf01a99f1252e7388e362d0aedf27671431afedc1f9a,code,whole-text-static-scan,
src/features/settings/sections/section-registry.js,src/features/settings,58,43d64c03f677da8f0db08f3100bf73a99c24479cbfad8c69fcfd9208d282f5fd,code,whole-text-static-scan,
src/features/settings/sections/settings-section.js,src/features/settings,59,b42352128a51151a31ca39762e4365142d9b857edc3043030765ca8d2f8aff0a,code,whole-text-static-scan,
src/features/settings/sections/toolbar-settings.js,src/features/settings,17,5ec299da9529e8c7371693a42b3919af9d6d960abafda8eca757eabcccc7d8af,code,whole-text-static-scan,
src/features/settings/state/settings-store.js,src/features/settings,188,bc07301e60e3d598885d24c9fcf74d8fb2214e66a3950e26c5828c101e86deb4,code,whole-text-static-scan,
src/features/settings/ui/autosave-field-view.js,src/features/settings,129,f517c46ee34201fd2d0398cf21c446463b3a003456dd37a1bc6e5c53937fa49b,code,whole-text-static-scan,empty_catch:1
src/features/settings/ui/color-field-view.js,src/features/settings,98,d0a235967d30b2837876ec49bffa3c8c4c803c990cfb694310c0bb954a96f1f1,code,whole-text-static-scan,empty_catch:1
src/features/settings/ui/directory-field-view.js,src/features/settings,75,eebf1ca48626e53be5d63b66344b164eee74d68902f6db237bc0d31fcf7f2565,code,whole-text-static-scan,empty_catch:1
src/features/settings/ui/settings-dialog-view.js,src/features/settings,217,66c9223f53552060ed94146253424fb54ff4e1bc71e3066cc8e89980eb4266a4,code,whole-text-static-scan,
src/features/settings/ui/settings-field-view.js,src/features/settings,183,f899fae1decc14ea537682f2de992e7afacabab346a5f15ff9d5b6e06f4aed3a,code,whole-text-static-scan,empty_catch:3
src/features/settings/ui/settings-navigation-view.js,src/features/settings,98,64bdc7a5b741cd275fb598d6f85918ce927457a17d78d6b976b6c6d50f3672b1,code,whole-text-static-scan,empty_catch:1
src/features/sidebar/compatibility/classic-folder-tree-controller-port.js,src/features/sidebar,42,91892b35ddb85f3ed6082569c74a6aa84a69670200638ff74bfd287f68313481,code,whole-text-static-scan,
src/features/sidebar/compatibility/classic-outline-controller-port.js,src/features/sidebar,50,de64500b3e3b2239aa6af195f49167f140e5c7c8b0288a677f6338509de6a5e5,code,whole-text-static-scan,
src/features/sidebar/compatibility/classic-sidebar-controller-port.js,src/features/sidebar,46,83d7ca32358a91b0e3cf6a4170ce7f64fd2bdba24e2561e6b303bc31f1d71aaf,code,whole-text-static-scan,
src/features/sidebar/folder-tree/folder-tree-controller.js,src/features/sidebar,221,a2e56ae158dc6a3a805877e797197337a7bf730fc3966c7fd5b479b43876ad60,code,whole-text-static-scan,
src/features/sidebar/folder-tree/folder-tree-node-view.js,src/features/sidebar,123,b503023fbad5628c1d6410f920a64763a3f8840a2289549a2e272013ee80527c,code,whole-text-static-scan,
src/features/sidebar/folder-tree/folder-tree-normalizer.js,src/features/sidebar,55,98d8eb0a8e9a5d1d8427bad3b5310d8074e2837fd2239b076b35a8c493b9d440,code,whole-text-static-scan,
src/features/sidebar/folder-tree/folder-tree-path-policy.js,src/features/sidebar,44,25f3bd57f90ba9e64d44652962a840feed4e13a934b1d15f28233e19eb6f1307,code,whole-text-static-scan,
src/features/sidebar/folder-tree/folder-tree-state.js,src/features/sidebar,118,3132e266c1c1e17e77733e7c19d14ce92395721b0389a41501ba9077a74ddbc7,code,whole-text-static-scan,
src/features/sidebar/folder-tree/folder-tree-view.js,src/features/sidebar,162,53b9afd1268b83c3aa4f81c031b858e508ec8f887a35dddf6f052480eaf3d113,code,whole-text-static-scan,
src/features/sidebar/index.js,src/features/sidebar,30,d1f6b13db78c97d274ee8d455b53edd3f56935d036c6622d661f3f144eea8b21,code,whole-text-static-scan,
src/features/sidebar/outline/outline-active-heading.js,src/features/sidebar,22,ed26375cf608efdc89014e75b28abdfaeff4e03989f22bfbcea719871832e556,code,whole-text-static-scan,
src/features/sidebar/outline/outline-collapse-store.js,src/features/sidebar,128,af16b188780d414fd3ae44e185b5e26e6c87b8fd42ecbe9269d9c2f250d83488,code,whole-text-static-scan,
src/features/sidebar/outline/outline-controller.js,src/features/sidebar,231,37ce60557b3a9e2e5592fdf8c2919d52382e8ea618f8ef84bc9084f7ae89fac0,code,whole-text-static-scan,
src/features/sidebar/outline/outline-tree-builder.js,src/features/sidebar,126,432f3c046822e3ece962f27d90b7d977ff9cf8485f6f04579d82831dd472772f,code,whole-text-static-scan,
src/features/sidebar/outline/outline-view.js,src/features/sidebar,218,de626edfaebc39279f12951244cffb78c9a0dd66a4ea6b09d793298c3d496765,code,whole-text-static-scan,
src/features/sidebar/state/sidebar-state.js,src/features/sidebar,63,880b1cbdc3328b4a8f47bb11dca257166aaed7cf1b8c2b9c9b45539cb7352c01,code,whole-text-static-scan,
src/features/sidebar/tabs/sidebar-tab-controller.js,src/features/sidebar,167,7a67e339ab24d46695f3b5e00d1ec097cbb48789e03428845a0de85763c16149,code,whole-text-static-scan,
src/features/sync/index.js,src/features/sync,52,b6f0a8ac07f5652f2b16cfdf020cc52e9d1a785d07d7130d3bbe12b2a0cf2815,code,whole-text-static-scan,
src/features/sync/scroll/editor-scroll-mapper.js,src/features/sync,127,133e217f9c1d635f8bd85bcf2b847b4a1ca5a3eaf684480eb6c932c91224b243,code,whole-text-static-scan,
src/features/sync/scroll/preview-scroll-mapper.js,src/features/sync,336,ea3222a1ecade9a436811d20ce3f87597014cb66e6cdeb4f7de9e92e3c9976e7,code,whole-text-static-scan,async_resource:1
src/features/sync/scroll/scroll-geometry-session.js,src/features/sync,91,d2344335649a340c1f0fb8d0c836948eb90f505a2484a61cfd8fe19b37d01baa,code,whole-text-static-scan,
src/features/sync/scroll/scroll-source-ownership.js,src/features/sync,124,46cae556a2087756941174071054460d8c718519719e3c2b9f6e8e990a6238df,code,whole-text-static-scan,
src/features/sync/scroll/scroll-sync-controller.js,src/features/sync,326,cd5d77d5e4a8691518a3b72fd5147d1fbde7f9b90093fa6db7fdcb54cc6257f6,code,whole-text-static-scan,async_resource:1
src/features/sync/selection/editor-selection-reader.js,src/features/sync,48,16391687fa834ba3108dfb1a26b92482e89ce5097193bbbc4b6878cc3cc9c4e7,code,whole-text-static-scan,
src/features/sync/selection/preview-selection-reader.js,src/features/sync,166,a09fb81d95781840d48e82855e400139a03d7733298a6fa86c985199811c1bb2,code,whole-text-static-scan,
src/features/sync/selection/selection-feedback-guard.js,src/features/sync,138,9b187f0df2a412b4857bd764df6b87e2d9c4f71d8654045b7eb139c9456e2387,code,whole-text-static-scan,async_resource:1
src/features/sync/selection/selection-highlight-session.js,src/features/sync,209,820237dfe4d3dd8bca7da592642442ae8d70868953dfa2ed617f0acf0f9f9b1b,code,whole-text-static-scan,
src/features/sync/selection/selection-retry-scheduler.js,src/features/sync,162,ca90104c492abdbf3de3779b070b4613d4ee76ae11cda56605d75c8ac470edbe,code,whole-text-static-scan,
src/features/sync/selection/selection-sync-controller.js,src/features/sync,699,bff8f86533b3a725e017d1c296d7dc63912291f00eec3c266658626c4e527a8d,code,whole-text-static-scan,
src/features/window/close-save-port.js,src/features/window,50,19013fc8b5b086d90bd530a7e6c620e978b4b4a01dba088b4d542c9b767cb34a,code,whole-text-static-scan,
src/features/window/compatibility/classic-close-save-port.js,src/features/window,39,5bd807dbc2c9d169dff2f47ea0a96b3d2a98130e618612e162f221ae9b443853,code,whole-text-static-scan,
src/features/window/index.js,src/features/window,7,459b112da049d9b74c54586d8e40454080c19bd5ac19db472d90a7bfd01ca03f,code,whole-text-static-scan,
src/features/window/window-close-controller.js,src/features/window,193,a7bb2124c99808661e8538996852674b5eeaf6b05026951109cfc7ebdfa064f5,code,whole-text-static-scan,
src/features/window/window-controller.js,src/features/window,208,9b13da1feba1390908741c1a814513fbf3e143eab17b167982aa4be0c4e135a6,code,whole-text-static-scan,
src/features/window/window-controls-view.js,src/features/window,111,143117e53960240481649807439b8940ec777b22b7c2f021e0fd4f879ea04747,code,whole-text-static-scan,
src/features/window/window-drag-region.js,src/features/window,74,59b7bbe0e3f1241bd6a42f885d18e98bc3157c36bc49be3973eaaae3afa3bc25,code,whole-text-static-scan,
src/features/window/window-state.js,src/features/window,88,9dd230cf9a60b19df18a938bd1ff1f2a465003f1191b51b71931b7bb60170e1d,code,whole-text-static-scan,
src/i18n/compatibility/classic-i18n-port.js,src/i18n,81,7e1443a56e68288b6fae3bc9f165dd90a9f8540a58445297848465a7bbd6d736,code,whole-text-static-scan,
src/i18n/i18n-service.js,src/i18n,97,3dde20084424c506ae27da28bf0ce34711c151afd8499268171e90d48140132c,code,whole-text-static-scan,
src/i18n/index.js,src/i18n,5,49cb70f9c5911ebcda512b7ca7009bd602c0e4cc8c27d02a3269adae4bc13ff8,code,whole-text-static-scan,
src/i18n/locale-registry.js,src/i18n,102,66fb01276e3aebb2ce58eaaf3616f9eb7e2e1a10cd7b225c87db8385d935bb79,code,whole-text-static-scan,
src/i18n/locales/de.js,src/i18n,170,bdd4601372bd42829d36ecc3d437706256446bbc6ecf89b6ecc6fcd1796972c3,code,whole-text-static-scan,
src/i18n/locales/en.js,src/i18n,170,35f23ddbcc8c6343228b5343c29e91eca1fbcadd918324c2f2d79fff2d81a543,code,whole-text-static-scan,
src/i18n/locales/es.js,src/i18n,170,70eb8b534b38ad086fa7893061449cc0d090c4f57de36143bd00cbb7fd0d5bc7,code,whole-text-static-scan,
src/i18n/locales/fr.js,src/i18n,170,502b64b7f3a459834713771d9ea1746d578370c5489579ac51124fd3dec6e83d,code,whole-text-static-scan,
src/i18n/locales/ja.js,src/i18n,170,9bb4d4f3c68a73445324f2d515804db3ab1e315395dc0cc173aac49fd683bd7c,code,whole-text-static-scan,
src/i18n/locales/ko.js,src/i18n,170,f2cfeda1d7783b1e01810ad442496a78ca804f64fdd935dc7e13f3e51df62885,code,whole-text-static-scan,
src/i18n/locales/pt.js,src/i18n,170,a617a3661b7e53a36686d7b9c184b87f7f54b85df85c0cf75498f89e9449d53f,code,whole-text-static-scan,
src/i18n/locales/ru.js,src/i18n,170,624bce3855575250c5f1a0ef80d660ce1c1fdaebbaba7485e7f1cba9250b518e,code,whole-text-static-scan,
src/i18n/locales/zh-CN.js,src/i18n,170,f54c5d26a182d5bfb660d58915d3b70ea88e76875334175e8a614cc54fa2b6c0,code,whole-text-static-scan,
src/i18n/locales/zh-TW.js,src/i18n,170,3f2ccd18d43776f1676124c78a1ec6341fdabaf49b6a80065ac8802e953628d7,code,whole-text-static-scan,
src/i18n/settings-locale-controller.js,src/i18n,89,f5b12dd20eb556f15753980ab64c1d4bf57c656c21db7c3e5df915969b57f10a,code,whole-text-static-scan,
src/i18n/translation-bindings.js,src/i18n,136,90c0d44dcb7cc3eaa00b01236a7bf88bd65392e4bcd9d0c31afbd800ea9e2d8c,code,whole-text-static-scan,
src/main.js,src/main.js,1525,1bf78b8508db75de920157b0d0e54c8fc54d2acabcbf8cb6be42448840adffc3,code,whole-text-static-scan,async_resource:10
src/model-kernel/index.js,src/model-kernel,49,7d412d41e5c99de2609a07142a76d454487eecec9c18e04cbb247e1bd4a3c63c,code,whole-text-static-scan,
src/platform/browser/browser-clipboard.js,src/platform,57,b7d6b1af99e636f771fa98fdf8449b0bf630493b866d8daa28d015b4777beed3,code,whole-text-static-scan,
src/platform/browser/browser-file-download.js,src/platform,53,5592014e5c787519ab1fae1e26c34be4d098f42e167fcde5147c3531db92a6a6,code,whole-text-static-scan,
src/platform/browser/browser-file-reader.js,src/platform,60,c3b1217c2c2ccdf18623955c0c92c9bc2d1b2e5a5e5d050d1d4a6a3293c91e20,code,whole-text-static-scan,
src/platform/browser/browser-fullscreen.js,src/platform,54,0bdfa797d0e9a20d6a75c1ee56404fd7ecbb9655e40851a3b592a57d7359ce32,code,whole-text-static-scan,
src/platform/browser/browser-print.js,src/platform,22,873c02b4b5fb2706111a3cec7e31fde5efae104b81bcd81e4a85bf83f3f5917f,code,whole-text-static-scan,
src/platform/browser/browser-storage.js,src/platform,42,73ac0391b29d65aaf9c660c4c87a0ed9238735896a221a826c9f2765ca7afe45,code,whole-text-static-scan,file_write:1
src/platform/compatibility/classic-platform-port.js,src/platform,75,64747aad843d799cc2e313da8824b9d5960ccc17ffbcf0d5e8714f02e27c3b35,code,whole-text-static-scan,
src/platform/create-platform.js,src/platform,248,fd54b195ea0e0090eaf0b01176cc27ab3a95105e1e0fb7a9d2b188a08702b32c,code,whole-text-static-scan,
src/platform/desktop/desktop-platform.js,src/platform,102,977ea80a121c54981f753d75f057d62cde8173309063f6f7bbf4ff3335ee92fb,code,whole-text-static-scan,
src/platform/desktop/dialog-client.js,src/platform,169,9f3dcdb3605e8d4be1e8834e1054698fbf2848e711f87d3754dd7da5d66bf4b9,code,whole-text-static-scan,
src/platform/desktop/document-store-client.js,src/platform,105,adab662523b7f13bc10c1451c5722e7ca3b127d965c907e61471e427447da0af,code,whole-text-static-scan,
src/platform/desktop/drag-drop-client.js,src/platform,111,80a6527467fe0465115fc05fa18adf3bc91bb74d6cd60a8b4bc44cb49a899d63,code,whole-text-static-scan,
src/platform/desktop/file-system-client.js,src/platform,102,0007ba6299ecf3021defb12b0b4e299fa8fb1db56500dffae39ca73334fc1c22,code,whole-text-static-scan,
src/platform/desktop/invoke-client.js,src/platform,86,16056407d3027b905af300f00597ec404667350a089744e717597e01bce048bc,code,whole-text-static-scan,
src/platform/desktop/link-client.js,src/platform,27,da421ae9f6c84ecfb89eef0bae62a1c6d34b5269dbad829ada8cbe155c7a2c50,code,whole-text-static-scan,
src/platform/desktop/performance-log-client.js,src/platform,23,1e1f19ada7ba37766809370da1b8ac812634d9ac209bdb8b8c86576e2d4e8146,code,whole-text-static-scan,
src/platform/desktop/web-fetch-client.js,src/platform,25,bd84cbfeda2900b99092a2e9214e7dd6aa91bb3dc0c960e10e5541c24073d7d5,code,whole-text-static-scan,
src/platform/desktop/window-client.js,src/platform,142,89b3923cfad1b4e777ec0600d48c8fd27c067e7e926f7238a4014e87cd58d7d8,code,whole-text-static-scan,
src/platform/environment/platform-detection.js,src/platform,31,6dd2aff2ddb3fbb082385684bcb2f28bb63f651b88c865e89fa0298e498590b3,code,whole-text-static-scan,
src/platform/environment/runtime-capabilities.js,src/platform,107,b1fe83c4d132987ac1a1b6d4c8d0c76b6c8865c311121a8acae2eb43b90ef490,code,whole-text-static-scan,
src/platform/index.js,src/platform,22,72a79a4dfa72631f4ae685b6ad8145105fcab1212a3d0fcaa839798e8b2f8e29,code,whole-text-static-scan,
src/platform/ports/clipboard-port.js,src/platform,15,af065dd02ffb7f87dbeed01927a86c499d290ca49cd20e9245bf7118b8be5854,code,whole-text-static-scan,
src/platform/ports/dialogs-port.js,src/platform,23,5f3aa258a243fb0683b12b78d124500ed4293c911893ee30195d4e4e2a4399fd,code,whole-text-static-scan,
src/platform/ports/document-store-port.js,src/platform,38,2ea89c305f7cceed642f5127675f86368252fe71808e6a08d8e1e5e02a40480a,code,whole-text-static-scan,
src/platform/ports/drag-drop-port.js,src/platform,20,7206dbe0c4709474ac4cca67eed7e2c91320460758659c16c8445eaaedd78871,code,whole-text-static-scan,
src/platform/ports/files-port.js,src/platform,27,e681e0d609f3aa18ae26122ca0fbe184111f09fc845c7beb6707509da66ebda6,code,whole-text-static-scan,
src/platform/ports/fullscreen-port.js,src/platform,30,fe8b5ab858372dc00ad2e7af6fef612a8090bfad45b051494e0ce3f2117a65ab,code,whole-text-static-scan,
src/platform/ports/index.js,src/platform,17,d7c2b9866c0ca75a6bc349a44cde32750c50f3c9288114d2faa47bb737d85542,code,whole-text-static-scan,
src/platform/ports/links-port.js,src/platform,15,05109d2de1cb8225fc799cc16fdbc78e920fd83a3b53853550501e2eeb80ed1b,code,whole-text-static-scan,
src/platform/ports/logs-port.js,src/platform,15,0f1c4c1059faf9545a4e8e46f903e552c16fd767c2a25aeb00ff1199e38a2fac,code,whole-text-static-scan,
src/platform/ports/platform-port-set.js,src/platform,63,b2b1f3742555c795ae3158aad8dc08c6e8807786911f545205b8b4d1a20da025,code,whole-text-static-scan,
src/platform/ports/port-contract.js,src/platform,154,32a36b137175e66fab206df3476b30fad7a853689644ccc6cd3c0e8fa2203303,code,whole-text-static-scan,
src/platform/ports/print-port.js,src/platform,15,e0b758531c33f512a837fa4161ef866c0eedb39f69015dd636193810a862baa5,code,whole-text-static-scan,
src/platform/ports/storage-port.js,src/platform,18,2be76df582b706c900102d724d45483c16fc0b7f6eec055ef96d896d1b725996,code,whole-text-static-scan,
src/platform/ports/web-port.js,src/platform,15,a13a61a8d1f5c91e0a2b99387fb46a6fdfdfe333b16a3c890bc305f746a3d9b7,code,whole-text-static-scan,
src/platform/ports/window-port.js,src/platform,41,25261f1a06ecb8af6f0a4e8aa1d5f444b67d8ea1272da47016287b3fc850abf9,code,whole-text-static-scan,
src/preview/incremental-preview.js,src/preview,352,40ba7731e01d336277a20b2c9937854665e1d5bff1894529f38c353fee7ccad9,code,whole-text-static-scan,
src/preview/math-source.js,src/preview,99,3d86e20d41c0c85a426d2ee83848f68527ef4f7042d9479573eeb31ffe6ba6ee,code,whole-text-static-scan,
src/runtime/e2e-bridge.js,src/runtime,231,1aca98b3e5bde8d5a5ea7cd0f7d80e3cf8fa5cfb1923f89fe41bf18822a53810,code,whole-text-static-scan,file_write:2;async_resource:2
src/runtime/link-preview.js,src/runtime,330,a4abbd7c5930a48173a387b8f97f7d94695d6f1c2fe2ceb003488332726ced9e,code,whole-text-static-scan,async_resource:2
src/runtime/performance.js,src/runtime,668,3fb7d2ae60b877b09f36485e77818a2f0e1bbf23b68e2070dab34811462de9f1,code,whole-text-static-scan,async_resource:9;empty_catch:4
src/shared/scheduling/classic-task-scheduler-port.js,src/shared,29,21a23d12abf82aa0e943ab5f4c7581d529c3a20ce60e9cda7237cbbfa6876b0e,code,whole-text-static-scan,
src/shared/scheduling/task-scheduler.js,src/shared,140,0a73164b335616fc6252c4ccfff159185790dc134bd48de48483fa1b6a1ce026,code,whole-text-static-scan,async_resource:3
src/shared/vendor/capability-loader.js,src/shared,17,85445ad14974da3f655f547e86eb62fac4414be58361e6009277257b5344eec1,code,whole-text-static-scan,
src/storage/native-document-store.js,src/storage,300,085073ece6d332db45a0f1ee418ef177367a9c5e26a487ec231520908c7c485b,code,whole-text-static-scan,async_resource:2
src/styles/components/badge.css,src/styles,47,6b7f7f068264ad730d9ee070bc55f7790723cd8af35e280587846fa4e0a87e99,code,whole-text-static-scan,
src/styles/components/color-picker.css,src/styles,149,f9a477dc532ffb867c1807a646545adee64ff41017a8b03851ecb4eed7559bd6,code,whole-text-static-scan,
src/styles/components/drop-overlay.css,src/styles,41,32722274f8765e9fdcc7b89e6d8b362cec2c8e505000aede585485fbb5fdb95e,code,whole-text-static-scan,
src/styles/components/form.css,src/styles,78,fa83c80279408fe8391b2390c7cea3eae62847390b92c73df337324312114b1d,code,whole-text-static-scan,
src/styles/components/icon.css,src/styles,17,75fde52067e3ac9d6df9555294637a1f84b99b82699e24c18b4630fc3e264cef,code,whole-text-static-scan,
src/styles/components/link-preview.css,src/styles,177,e157cc9f0e65dd533f1542e2c9d54c7e364c4cd78c64f5c397ab97740348bdc2,code,whole-text-static-scan,
src/styles/components/menu.css,src/styles,136,73eaf1f3db1a2ec120de12dd973d901ab853789faa4d30f0496c312fb8fe098c,code,whole-text-static-scan,
src/styles/components/modal.css,src/styles,159,c25c149b9119f406ceb03549f7c43f14d81c2bf5da84406e5a70537cac2cc890,code,whole-text-static-scan,
src/styles/components/progress.css,src/styles,68,3fb4b4021465fa8e137e3e3fddaae18cd1808569cf2bda8cb0cd4daa50a994cc,code,whole-text-static-scan,
src/styles/components/table-picker.css,src/styles,37,bd729389172ee7807d7467a10a22aa47cf775c28a8cbbff9bc36bc129c6d1209,code,whole-text-static-scan,
src/styles/components/tabs.css,src/styles,32,ef3c11190719fa7e5dbc448148dcd0eb237a517e5fa7680790986f26ed13c836,code,whole-text-static-scan,
src/styles/components/toast.css,src/styles,33,1f8e7c5a225d9f4fef9c001ead922706ed2f5ff307a0218afe7b57ab2392e8fe,code,whole-text-static-scan,
src/styles/features/code-presentation.css,src/styles,163,6c5de22ee4b3f931dfc4a8fa389f51740f0caa737694067f01d22d12d6710015,code,whole-text-static-scan,
src/styles/features/content-rendering.css,src/styles,36,bff0feb9aeb9fbf8ff4a9c8fbdbb93020d19e4d0a9cabddfc8d7d0238d1b98b4,code,whole-text-static-scan,
src/styles/features/editor.css,src/styles,114,52bad2e098ea70ade448000134c7c6281a0acd91b027285b69e494cd9125ab27,code,whole-text-static-scan,
src/styles/features/export.css,src/styles,138,0933dbf990da80403a38a74bc18c686060731fff197b1d0d1fac04f66c3ce9c8,code,whole-text-static-scan,
src/styles/features/file-tree.css,src/styles,170,ab1efa5f0f17ea5fa56eaeca081b16b9f143054bf6dbe39448974acf917b1fe9,code,whole-text-static-scan,
src/styles/features/help.css,src/styles,140,23e4657bb4b684ede5d50a39d289d47a275843dac1da0fe26bee552c64a31445,code,whole-text-static-scan,
src/styles/features/hybrid-code.css,src/styles,119,8aa8f0b33a58b9ccd19b08fe07ccb1a8a5dabfbca1206867132c8e2a81be72d2,code,whole-text-static-scan,
src/styles/features/hybrid-html.css,src/styles,80,8d3fd6d8259ea84e5d8cd7d6680e27140c6e9a9221befbb4d84f8242bd3dcb02,code,whole-text-static-scan,
src/styles/features/hybrid-math.css,src/styles,61,27d91d2fbb906f7071df1527e8eabb1a8fe8cabde7b9c9985f64f894875ec347,code,whole-text-static-scan,
src/styles/features/hybrid-media.css,src/styles,113,6ad12df4e6703d3a6ef258bbcb96d6114f08295253cfbce9ed5a1b437f992061,code,whole-text-static-scan,
src/styles/features/hybrid-mermaid.css,src/styles,80,42ef8bde8b52c24fac00b026eea3a2a1e7d594035589d6b6d9457311438087f4,code,whole-text-static-scan,
src/styles/features/hybrid-table.css,src/styles,180,de2eea422940c7a6f75fee81b928cba332601739f2e842c945aec2abf6c9f90c,code,whole-text-static-scan,
src/styles/features/hybrid.css,src/styles,341,99b6c38dffbff179f369c67f2f06b3c14300f677d28be3f87a8ee575ba4bdd88,code,whole-text-static-scan,
src/styles/features/media.css,src/styles,68,4a146e7fd35bb3b76da3615fcf265f649f8baa57af182b9bafcbf01eded9c562,code,whole-text-static-scan,
src/styles/features/preferences.css,src/styles,224,fe5d87a155c4d4e0c3862802a964c954fe5cb040e7fc120885f9fc11494cfe3f,code,whole-text-static-scan,
src/styles/features/preview.css,src/styles,269,ca34df2c067354603cbf1f79435daa03df184e2799a1304928ea8700211a8386,code,whole-text-static-scan,
src/styles/features/settings.css,src/styles,219,6d375877ed0793e8a6d058d7d18fd8344d4756402fcea09759e032482de6c55c,code,whole-text-static-scan,
src/styles/features/sidebar-documents.css,src/styles,115,a99fae47595b3de5221827e2617e031f1a19ccc342068f3a6d29f6e0ad21dc96,code,whole-text-static-scan,
src/styles/features/sidebar-navigation.css,src/styles,188,a63c0277bf4758c4876e649d11f1b0ff3e876d2bcca9bb4d37fa069baa49ecfb,code,whole-text-static-scan,
src/styles/features/sidebar-outline.css,src/styles,124,3ae536c3b27d4ef0b594e483cd76bf472fa093a047febd241cb96ee5e0fa0619,code,whole-text-static-scan,
src/styles/foundation/accessibility.css,src/styles,31,faad4f276ca31c4ee481ca671787b8c0c21e708d30e2ae91a153b76b961d9d4a,code,whole-text-static-scan,
src/styles/foundation/motion.css,src/styles,59,9a6e669ea86010ddf357dc728f8b62263f080ba403ead2f629f4b1ef08aaeb5b,code,whole-text-static-scan,
src/styles/foundation/reset.css,src/styles,41,c6bb17b37667c95757e9430c3d61b777ac544dd6cc32d694f4949ea788cd99f9,code,whole-text-static-scan,
src/styles/foundation/tokens.css,src/styles,95,2704b0bc9615f34d98365a82f73d53437f3675b3e1eb9876ab76b6b5fc045c1c,code,whole-text-static-scan,
src/styles/foundation/typography.css,src/styles,12,2418c034fce5fff7adb234c35307ef2eb8b321802b9ed99e1f40a9d6c9fd0a8b,code,whole-text-static-scan,
src/styles/index.css,src/styles,51,35f312724a0cd37fc054e105ee4f6d40fbf9d25e4fdb2c70dc90b83b225e4196,code,whole-text-static-scan,
src/styles/layout/compact-shell.css,src/styles,198,0e36c58828d02151799f0d310fcae7ecfbceddb64e9f8f1824feca6a0c77da2d,code,whole-text-static-scan,
src/styles/layout/compact-split.css,src/styles,55,e60c47de96de0a0fa262a5241687d5fa4231ea3c800fb331b05108a77e9ab42e,code,whole-text-static-scan,
src/styles/layout/fullscreen.css,src/styles,27,be4b316336f8e1e1be633ebafa74cf86f6f7c53b66cce6e1189614898cc8ebca,code,whole-text-static-scan,
src/styles/layout/resize-state.css,src/styles,8,2b36c8ab8ff2979eb79c5c12c7fc4fbe99b8225d4b7f5a5f00c9b7630d5dc5d4,code,whole-text-static-scan,
src/styles/layout/sidebar-layout.css,src/styles,89,b1b86716a6f7a2601a3493ac150faf59dc530da71e9dcd4e179d4360dfd69667,code,whole-text-static-scan,
src/styles/layout/split-pane.css,src/styles,198,3bde9c56b2d711a00d23709a6b744ea07fff810bfbd9dc0e68e2648518d8b084,code,whole-text-static-scan,
src/styles/shell/app-shell.css,src/styles,34,0538c9abcaa96d23113b1793bacc5f75203459db5927e67e527f0da3c05a534d,code,whole-text-static-scan,
src/styles/shell/menu-bar.css,src/styles,166,ed3cf754878bd76c0f9d32ae34dbea9468d971d8b5e5881bb8fcbc65f5b2fc3b,code,whole-text-static-scan,
src/styles/shell/status-bar.css,src/styles,62,305830c7f079f748467e92271ebb27a78e3526bbd6e47de433f90a208cca137a,code,whole-text-static-scan,
src/styles/shell/toolbar-shell.css,src/styles,210,3b6702dacee93eb7aadfe0ec3081868fdc1d77bfc4eff8d91f3093fa75093a1e,code,whole-text-static-scan,
src/styles/shell/window-controls.css,src/styles,78,fad71b24e7c4403be282a6b18e6c12b558697aa43438d187769e0fa10652f3ec,code,whole-text-static-scan,
src/styles/shell/workspace-shell.css,src/styles,9,2c2b4465a861e351c9a491116f71fa182fced28d868c8a79e5781f2be8ce2a2c,code,whole-text-static-scan,
src/styles/themes/dark.css,src/styles,51,6d56d252a8fe62f845808477d782d72e19ee423f83e9294927918f061bec2b62,code,whole-text-static-scan,
src/styles/themes/light.css,src/styles,112,a71735328e173297e484a3737f7c86123fb30fb2d0bbd4157669afc7fa7170b1,code,whole-text-static-scan,
src/sync/selection-mapping.js,src/sync,742,f74121ec0086885c81e7fa3b9a85adf3d3553dfde75e043a2c826a711343ebb2,code,whole-text-static-scan,
src/theme/index.js,src/theme,8,63a460b2a44393f9f155bca628b476aabfc4ee4c60e4c544f0651d242592b9dd,code,whole-text-static-scan,
src/theme/theme-service.js,src/theme,114,a1b4d6acad7a6aacbc12563ca4cd38646c38aa184d8aad05bd5fb89cc8f828fa,code,whole-text-static-scan,
src/theme/theme-toggle-controller.js,src/theme,76,b6763f07f42acbaa3737990b8b778e7ab383dca0ace6a9d61d226d2e1ca7ebf7,code,whole-text-static-scan,
src/ui/compatibility/business-content-port.js,src/ui,134,1fb252af9c2571d1373a14ae7f7ec7527b99d56638841aeb356957bf145ba988,code,whole-text-static-scan,html_sink:1
src/ui/compatibility/index.js,src/ui,6,8d67dd6afb34dd5fda90e976148e5a3b189111c4993b2f29290ae0b52f98b5e4,code,whole-text-static-scan,
src/ui/compatibility/mount-modal-shells.js,src/ui,160,9fe344d3ecbefa1821039a65145242fa923be1d7c3d6b9c6d527ec30ebbbf04a,code,whole-text-static-scan,
src/ui/components/icon-view.js,src/ui,59,ce48a59d8aab4dee2937ac42ddebc0259f6ed9f4a15e083220537e2cccdcd472,code,whole-text-static-scan,
src/ui/components/modal-shell.js,src/ui,318,2dbb8f216d36d6e01b4a188b94410fc3203e6bbbb40735efdb0e75ccc4f4e0ce,code,whole-text-static-scan,async_resource:3
src/ui/create-ui.js,src/ui,40,fc0ee6f885cf4220387db93f25e1591624dd6b4d267318ec50bcaf9d2700430a,code,whole-text-static-scan,
src/ui/dom/event-scope.js,src/ui,49,ecd6431a54165ab6773adf926a83ff5d9b82b3770f614a13243f945b457bcb7f,code,whole-text-static-scan,
src/ui/dom/focus-scope.js,src/ui,100,408d8f686b0eaf4e728b664f3cafbf08a2b6f9c146fb10aad5268f728121f326,code,whole-text-static-scan,
src/ui/dom/index.js,src/ui,5,28ba2b2ae2a93bf90c6cb906651040e3f420268c684e6bfb185ca7b6e2c3670e,code,whole-text-static-scan,
src/ui/dom/required-refs.js,src/ui,39,12dca4742f85b581319d8f029ad888a522fa238169cda7d7fb9c03303a8052e4,code,whole-text-static-scan,
src/ui/dom/safe-element.js,src/ui,84,8246c709e34790a9118977b60b10a927a2910be0a8d2b4caf652bcc664212437,code,whole-text-static-scan,
src/ui/dom/transition-visibility.js,src/ui,91,bef449de07b17a08e9042144694789d30283bda12a33bbfbe7eeb960287d6bda,code,whole-text-static-scan,async_resource:1
src/ui/shell/app-shell-view.js,src/ui,35,757909f7e294418e5217b1b322281ac8438cfe71eba370123c39d39376427590,code,whole-text-static-scan,
src/ui/shell/menu-bar-shell.js,src/ui,11,414e8da913f95bb498f73e9e70bcdc5ff5e4548558dedc6f917ff4864f13b007,code,whole-text-static-scan,
src/ui/shell/overlay-root.js,src/ui,9,66215f3d8db7b8fc0f659aff91344b9578d84faa6c5d02a2fadda03a56a47b60,code,whole-text-static-scan,
src/ui/shell/sidebar-shell.js,src/ui,12,6f24d3694693f77dbe02e4619752f41455f36ecf3205a33ca9eca0243a203f6e,code,whole-text-static-scan,
src/ui/shell/status-bar-shell.js,src/ui,11,118a1ef0678322c56ae75702b1956bf6f15a16ff5cfc2d88652037d74d0485f6,code,whole-text-static-scan,
src/ui/shell/toolbar-shell.js,src/ui,12,ea4e666a7712e114bf0657c2f4eb9c91e49827d2e5542d101dfb168448b3d579,code,whole-text-static-scan,
src/ui/shell/workspace-shell.js,src/ui,60,0d4b9f8d39377b52e52301a2f6c79bfee4b52db347ad21c4736725ee69881b88,code,whole-text-static-scan,
tests/architecture/application-composition.test.mjs,tests/architecture,170,885b51bd3587f0df9fea32d6b34175cbf39e1267db75df6600b9e5e9d9f31258,code,whole-text-static-scan,
tests/architecture/application-lifecycle.test.mjs,tests/architecture,290,5172f053146c6607fe9c9effb2a5ff6c42ed786ec7ed65204d2e4b67640129c4,code,whole-text-static-scan,
tests/architecture/architecture-tooling.test.mjs,tests/architecture,62,ccb954b71ce6305cb416a73489c4cb7e7e7f19acea72420aa5cc25dcda07fc13,code,whole-text-static-scan,process:4;file_write:3
tests/architecture/command-bus.test.mjs,tests/architecture,192,a294984663b87335d8c865ab88fbce945276366ce2fbbe78070754073af2d11b,code,whole-text-static-scan,async_resource:2
tests/architecture/dependency-boundaries.test.mjs,tests/architecture,52,ee760a4387436c502444a0334caa5173e1dde689578588965308004a874cd2cd,code,whole-text-static-scan,file_write:2
tests/architecture/disposer-registry.test.mjs,tests/architecture,185,cf1a76fffe1258af41cd792d63f5a9e7845cbbcdd5e1188a8295a8f07157b164,code,whole-text-static-scan,async_resource:2
tests/architecture/event-bus.test.mjs,tests/architecture,300,af8abdc6d9cf7d1c5bfa626fa406675ee33b4d74f5c8e6203451b90c73f4c9dd,code,whole-text-static-scan,async_resource:2
tests/architecture/fixtures/architecture-baseline.json,tests/architecture,379,24f1e76bca550524001d3f1a126be4737a833a2ba97e1ae9813a4e021273a327,config-or-lock,whole-text-static-scan,
tests/architecture/fixtures/production-modules.json,tests/architecture,4441,7a724117ac1951415a2cc788daffafb8ea1f68c3ea0462d1f1132fa20092c36f,config-or-lock,whole-text-static-scan,
tests/architecture/helpers.mjs,tests/architecture,43,6d24a1d33328c66b76af39138984048cded1659bebdc25965b5d21db2f12a5e6,code,whole-text-static-scan,process:4;file_write:2
tests/architecture/model-kernel-contract.test.mjs,tests/architecture,156,77394f2ea48d6e7a354ccffd9b04ae6c61c9a5f83652f948c9002e0e2a9fa4f7,code,whole-text-static-scan,
tests/architecture/module-inventory.test.mjs,tests/architecture,80,69e01e2854d898a0514983528d98f6e5c1103f011698f94061e1a0b6eb267fbd,code,whole-text-static-scan,
tests/architecture/module-side-effects.test.mjs,tests/architecture,28,ba868936976b28b3e4681066b0754d3cc8baf048e337aec64233f39f705071bb,code,whole-text-static-scan,async_resource:2
tests/architecture/no-global-business-api.test.mjs,tests/architecture,43,f3dcd1838c87f5bd4f2422ab667a497739263c7d09c8caae5da3b46da54fa746,code,whole-text-static-scan,file_write:2
tests/architecture/no-inline-events.test.mjs,tests/architecture,58,b79d6a1a3432b66587bb1bd3604cdc53bbc2b6336d65886429f3d33211641929,code,whole-text-static-scan,file_write:3
tests/architecture/stage-04-taskbook-conformance.test.mjs,tests/architecture,71,05275bc0f9b527f3224f5f08c69b56f6505e22b4b15ee61a89a1605d1f145ba0,code,whole-text-static-scan,
tests/architecture/stage-05-basic-command-boundary.test.mjs,tests/architecture,86,f824deb45592c7aab49173445882a61a6cee350ae2b41ce848352d2f126a44b9,code,whole-text-static-scan,async_resource:2
tests/architecture/stage-05-document-editor-ui-boundary.test.mjs,tests/architecture,127,ab667426bdaef032f5acc9ceac6d5613c179df404be2edb3cb486e6511b8c43f,code,whole-text-static-scan,
tests/architecture/stage-05-editor-infrastructure-conformance.test.mjs,tests/architecture,86,202fa4308095a8b4628f010e095d6aeba9c8c51c2cf1560ad3c8f66421cac1a6,code,whole-text-static-scan,
tests/architecture/stage-05-find-replace-boundary.test.mjs,tests/architecture,80,6c0df60b21a5b39508987b5c28ce226bbe9f5d778f15e11ebc84f9fe7b875490,code,whole-text-static-scan,
tests/architecture/stage-05-history-authority.test.mjs,tests/architecture,61,cf8f636c9a55db9943aa9788638c60170f99e577b99eab49f6f936b97a899f8b,code,whole-text-static-scan,
tests/architecture/stage-05-legacy-path-removal.test.mjs,tests/architecture,105,799d8323ecdbd0a05e14eaed4d64d8dd163baaed876840d8a8767fbe641b41bf,code,whole-text-static-scan,
tests/architecture/stage-06-compact-shell.test.mjs,tests/architecture,69,bce642cd48c3f138b4458e3ae0059546f9bbe99c5412152de25dd2891d219f4d,code,whole-text-static-scan,async_resource:1
tests/architecture/stage-06-destroy-validation.test.mjs,tests/architecture,103,7cc2a8c2b3ed16d8bd4ccfbd30c92b2920e7c38f9e68c76b72551800482c725d,code,whole-text-static-scan,
tests/architecture/stage-06-folder-tree.test.mjs,tests/architecture,14,58e6cada097436b4683e77ccc2f466a47629958aba113d8748c7e68e6e6c8516,code,whole-text-static-scan,
tests/architecture/stage-06-fullscreen.test.mjs,tests/architecture,66,ad011edbb0c3d90b24798fe241ba30ec8942acfee160598ddfec2452e8969ce1,code,whole-text-static-scan,
tests/architecture/stage-06-layout-state.test.mjs,tests/architecture,133,effa321dd9ba95ebd6aded343c9d1261f330ccd0efb5f38714dd6002d366d77e,code,whole-text-static-scan,
tests/architecture/stage-06-menu-model.test.mjs,tests/architecture,48,9c0137c4fb2ed5cdac68631d4b6514541f4aa96602e520b9bf4422ffa514edec,code,whole-text-static-scan,async_resource:1
tests/architecture/stage-06-outline.test.mjs,tests/architecture,107,aeba4c32a7ed0752264b1e6b96be8b13a38ffa308fabbbf823140412eb36a86d,code,whole-text-static-scan,
tests/architecture/stage-06-recent-files-menu.test.mjs,tests/architecture,87,21f19f109d7c16ba8a6a650b0c0b076fb66d153faab00fe19ee4c10bd475e16b,code,whole-text-static-scan,
tests/architecture/stage-06-sidebar-resize.test.mjs,tests/architecture,58,c1f7742e4c6afea4287ff552fa959bfc6f33b477c88a0c87efa21aa2c239a136,code,whole-text-static-scan,
tests/architecture/stage-06-sidebar-tabs.test.mjs,tests/architecture,71,8e0bef7db36499739bf149de6d8f866c9955486b401588b491ae01b3b26d0fef,code,whole-text-static-scan,
tests/architecture/stage-06-split-controllers.test.mjs,tests/architecture,56,8a9da9f77748d04ae6225b80ec7723a4f933f9a4da28c4456337721481a2e02a,code,whole-text-static-scan,
tests/architecture/stage-06-submenu-positioner.test.mjs,tests/architecture,42,1c0de479cfa7899a0129939a14b4d1b4863be39a073988adf89b8369404d7963,code,whole-text-static-scan,async_resource:3
tests/architecture/stage-06-toolbar-boundary.test.mjs,tests/architecture,56,62bce87edf004aef9114a54fd7dc46cafb8c255cb04e9c5c08b2aa553c67cc56,code,whole-text-static-scan,
tests/architecture/stage-06-window-controller.test.mjs,tests/architecture,137,93de956ffcb203cf64b75e2ba01bbf01f1c04855b796a566e12cb3e1d95c628c,code,whole-text-static-scan,
tests/architecture/stage-07-preview-dom-renderers.test.mjs,tests/architecture,42,aa655c2867d05e6355fa05a83e47befa1eef608fd1853da5cfd05748e1c5b05f,code,whole-text-static-scan,async_resource:1
tests/architecture/stage-07-preview-enhancement-coordinator.test.mjs,tests/architecture,66,882ef85f65e4ef53dd96644421cd7cb87bf5368079b8bc34fa5ee51cbda3fe19,code,whole-text-static-scan,async_resource:1
tests/architecture/stage-07-preview-focus-controller.test.mjs,tests/architecture,56,e02599599367631e69ba6b510a3c3d1829841a2b204a8471d4c7e2832db01190,code,whole-text-static-scan,
tests/architecture/stage-07-preview-layout-stability.test.mjs,tests/architecture,51,7186474f4e2f5d0a8922398eec84e0d054712fe2b2c5834a327734fdf29b9470,code,whole-text-static-scan,
tests/architecture/stage-07-preview-legacy-deletion.test.mjs,tests/architecture,103,cd056482dfc9b439b275f682d1242d0842744c9cb0ecd982e9c414956911c84a,code,whole-text-static-scan,
tests/architecture/stage-07-preview-mode-resolver.test.mjs,tests/architecture,59,8108261d38ac29dac1ef40bec8fd2b05ac2775f3ecf85d5ccb69512891bed844,code,whole-text-static-scan,async_resource:2
tests/architecture/stage-07-preview-recovery-view.test.mjs,tests/architecture,57,325b13ffbd9363a3f8ee5412627df6cc44307922b484365ed2aadbb318732f5d,code,whole-text-static-scan,
tests/architecture/stage-07-preview-render-coordinator.test.mjs,tests/architecture,49,a5b4e25aab2a6f2a14e805faa2861858a4244e98828badd7f2c24097d0ae40a1,code,whole-text-static-scan,
tests/architecture/stage-07-preview-scheduler.test.mjs,tests/architecture,71,91e9d23dcc75067e99f5b288a76bd651d074d054416d2051a01fa80c3b741dbd,code,whole-text-static-scan,
tests/architecture/stage-07-preview-state.test.mjs,tests/architecture,83,dcf8aaefb6b7537cdecae615619b74a30df55d89ef277833a0bd6c2944cd9a57,code,whole-text-static-scan,async_resource:2
tests/architecture/stage-07-preview-thresholds.test.mjs,tests/architecture,74,e2f683ec2cdaf9ff89cf8720663b643696881f62485d50d568488e58310be5a7,code,whole-text-static-scan,async_resource:1
tests/architecture/stage-07-preview-virtual-window.test.mjs,tests/architecture,53,95a50879798fc339e3c64a73af71b96f30a0871ded755e08bbde1fbd95e19ff5,code,whole-text-static-scan,
tests/architecture/stage-07-preview-worker-protocol.test.mjs,tests/architecture,49,0d2baad8d219ecd8e9db6bf45443d09350fc80ed45a52b19dc8c872af24ea417,code,whole-text-static-scan,
tests/architecture/stage-07-preview-worker-session.test.mjs,tests/architecture,44,879fbbe879e49ece7b76453262b735530a34e82d3efc3ad4efffc5d61f99282b,code,whole-text-static-scan,
tests/architecture/stage-08-hybrid-activation.test.mjs,tests/architecture,67,4fb3cb4c8d114c189a24ca08c87203ca123481bac0ebee9248ca6607760a476b,code,whole-text-static-scan,
tests/architecture/stage-08-hybrid-code-block.test.mjs,tests/architecture,99,96cca4ca42ec764105426bdb3aea9aa0939eb4ae5c569735ced616043cb23313,code,whole-text-static-scan,
tests/architecture/stage-08-hybrid-component-session.test.mjs,tests/architecture,61,90e388cb67fe3b40e668b8612d417accf8d74e94a1809388723c754efb9d863f,code,whole-text-static-scan,
tests/architecture/stage-08-hybrid-editor-controller.test.mjs,tests/architecture,98,18241c5fbcbca054b13619d4662098fd0042cc9e3e27516322408b63393223d7,code,whole-text-static-scan,
tests/architecture/stage-08-hybrid-html.test.mjs,tests/architecture,79,f05bd2f9350286701a455f7b0b2cf73d96c1f8c2e92adf9a857c0c42cfe45612,code,whole-text-static-scan,html_sink:1
tests/architecture/stage-08-hybrid-image.test.mjs,tests/architecture,100,77afed19a81f119bf1642471ea93004dfbc47d187e3560e439f549c751155dc9,code,whole-text-static-scan,
tests/architecture/stage-08-hybrid-inline-presentation.test.mjs,tests/architecture,101,39b0a75592678b76078f50dad40e9616c8ab9d61a7967ce400db64c68cc29bfc,code,whole-text-static-scan,
tests/architecture/stage-08-hybrid-math.test.mjs,tests/architecture,94,034832461c66e6b4bb4425b855c1dec40d0d6338a20af3d0a79ed6782646d6ba,code,whole-text-static-scan,
tests/architecture/stage-08-hybrid-mermaid.test.mjs,tests/architecture,102,dd419b511a01d2492d2e2ed2ecc499ebd959064eb8ba1e181af4514bed77d122,code,whole-text-static-scan,
tests/architecture/stage-08-hybrid-prefix-hr.test.mjs,tests/architecture,84,7b03ab91926892ce5b4fdab8cdd3251d6fb2752e3a9d8b368d8b3591b325f8b1,code,whole-text-static-scan,
tests/architecture/stage-08-hybrid-shared-widget-ui.test.mjs,tests/architecture,70,d0498ef6b0af5b9f8814be51a4b4f2b1e4e0f05a67f4d409b8e076adbaacd4c2,code,whole-text-static-scan,
tests/architecture/stage-08-hybrid-source-edit-controller.test.mjs,tests/architecture,70,fe4183cb804417601cc564933756bfe3f0a53fbc14fb7037749707fe4545a415,code,whole-text-static-scan,
tests/architecture/stage-08-hybrid-table.test.mjs,tests/architecture,110,885270794983d63dbd3e4c148cd5254dfcc0f011eacb3ea856208693933f7feb,code,whole-text-static-scan,
tests/architecture/stage-08-hybrid-widget-lifecycle.test.mjs,tests/architecture,85,458d9835e87b35758031d35480412cc347cb7ef276943702f19eb7cab9a0eae2,code,whole-text-static-scan,async_resource:3
tests/architecture/stage-09-editor-scroll-mapper.test.mjs,tests/architecture,80,b03515ff5369bcf71b3c4192564bfe6522e5896ce5d7955650f0bed181bf8c3a,code,whole-text-static-scan,
tests/architecture/stage-09-final-sync-legacy-removal.test.mjs,tests/architecture,100,0e90e1ee937a21dc96fd8ee4dfdc52e5f0647cb70d2cbf3f8b806f0d7c7c9d49,code,whole-text-static-scan,
tests/architecture/stage-09-frozen-selection-mapping-integration.test.mjs,tests/architecture,65,7fbd37b8379f6bc31b961e1245a470ed2efb545a09eb9cfe7168b5cf7d5ed0bc,code,whole-text-static-scan,
tests/architecture/stage-09-preview-scroll-mapper.test.mjs,tests/architecture,90,625a8ce2a295d86fe4115ecbff427953e03948290c2fd882f1395f2e0a240d03,code,whole-text-static-scan,
tests/architecture/stage-09-scroll-contract-freeze.test.mjs,tests/architecture,71,7c3abefecdf3a0c5522338a953dd5e434c0a2f5b948497bdab012579ce61fd71,code,whole-text-static-scan,
tests/architecture/stage-09-scroll-controller.test.mjs,tests/architecture,78,8dd969315ec28f6ccd358f00ad85805404e14bd747de3bf0b3264b1717a098fe,code,whole-text-static-scan,async_resource:2
tests/architecture/stage-09-scroll-geometry-session.test.mjs,tests/architecture,83,c5f348e5b11be852e56f02b2a54843398f167db94d43ac1de67ef09a64f24dc4,code,whole-text-static-scan,async_resource:1
tests/architecture/stage-09-scroll-source-ownership.test.mjs,tests/architecture,75,9f042572fab85191a3f6664ef7b3ce14c9469e82f6e2f902340125e5cf71b0ef,code,whole-text-static-scan,async_resource:1
tests/architecture/stage-09-selection-feedback-guard.test.mjs,tests/architecture,88,cc1e5af88a809dff1c48eb8d1429556c54190aaf69277cd70e24a5a69d7b14c8,code,whole-text-static-scan,
tests/architecture/stage-09-selection-highlight-session.test.mjs,tests/architecture,80,3d3db50fc4d9b39e5c8106e311a97b2239c8393f16a8b5ca43065ad04ef9d6c4,code,whole-text-static-scan,async_resource:2
tests/architecture/stage-09-selection-readers.test.mjs,tests/architecture,98,8f4f21c2cad5781bd41cbe1a4615ff3930642ee97a61af9aa9dad521dc582f39,code,whole-text-static-scan,
tests/architecture/stage-09-selection-retry-scheduler.test.mjs,tests/architecture,90,3b81d723467eb89bdd42918ee2228adc19001e04f5f712b6b829a80ddd3ee1e4,code,whole-text-static-scan,async_resource:1
tests/browser-e2e-contract.test.mjs,tests/browser-e2e-contract.test.mjs,87,95f193da7faa1c0e9dcf556da1289b9ad43143a5f16b0a456e5f2ebd4e27210a,code,whole-text-static-scan,process:1
tests/built-application-assets.test.mjs,tests/built-application-assets.test.mjs,34,c9cde055d633c0016c95869c589eebf57515d5fde90fb73f5dc37f68560ae632,code,whole-text-static-scan,
tests/dependency-location.test.mjs,tests/dependency-location.test.mjs,80,4d46667680b1ab2a87fb2f34fe1a23d0b6097f5098580e0c5c32597a9760c656,code,whole-text-static-scan,process:1
tests/documentation-layout.test.mjs,tests/documentation-layout.test.mjs,30,9645c15b3b994f5a36fb30a9e7431ad2faf43afa7aff617018fbb3afd5bb1743,code,whole-text-static-scan,
tests/e2e/fixtures/interaction-harness.html,tests/e2e,39,f400985bbbe908ae442af44e0295a0fc7c21bc557fd7deeb342f21e84f9e1663,code,whole-text-static-scan,
tests/e2e/fixtures/interaction-harness.js,tests/e2e,78,e910d97f875d4b4d5ffafcc70060cc90590de9d158772aa3650e3250989c6ffc,code,whole-text-static-scan,async_resource:1
tests/e2e/lib/built-application-assets.mjs,tests/e2e,36,cd3dbfb5c4b0426dc172e89c07ec34b63f29e0d4f9347cad153f0a974ab22889,code,whole-text-static-scan,
tests/e2e/lib/cdp-browser.mjs,tests/e2e,459,aaac16fc72f16a2ba6f9a5e92774e558e493eb307b9932dbb3bb0be88fe32069,code,whole-text-static-scan,process:1;file_write:2;async_resource:9
tests/e2e/lib/virtual-file-host.mjs,tests/e2e,90,8bba513b9e9e106272cd162caa22172fc546a92c8d49bfafba5da298e43324d8,code,whole-text-static-scan,empty_catch:2
tests/e2e/preview-enhancement-coordinator.test.mjs,tests/e2e,67,fd0365d70285b7628e10fb716622150a11db288eaa436fd13b6df12fd3a18959,code,whole-text-static-scan,
tests/e2e/preview-focus-controller.test.mjs,tests/e2e,67,1b80e8cb818eae9cb9a2ca4ea71fe01b4dbcf870ca89a136a3ceedef1a28917a,code,whole-text-static-scan,
tests/e2e/preview-layout-stability.test.mjs,tests/e2e,83,0949905edeb8a32065a6b140defcc18c58d3f88bfea61a4800b529eafe90149e,code,whole-text-static-scan,async_resource:3
tests/e2e/preview-recovery-view.test.mjs,tests/e2e,49,f59dfade83ae3e8b227944e1e9b60309afac8c756fed0c3fa5476f5ef8b43f32,code,whole-text-static-scan,
tests/e2e/preview-virtual-window.test.mjs,tests/e2e,91,35a84e7e191576631f41b283c23eafa159d0e711f807dabeab1e27f0bef10454,code,whole-text-static-scan,async_resource:3
tests/e2e/recent-files-menu.test.mjs,tests/e2e,71,f9d83a34de1b12352b2290bedc7bc6fa1f4525a6a2d2e283155ef49c019323ca,code,whole-text-static-scan,
tests/e2e/run-browser-tests.mjs,tests/e2e,1794,7f9b36a6529f73946620ba52428f01210d9ff8c53ea0b4adbdf52e60823b6b01,code,whole-text-static-scan,file_write:6;async_resource:18;empty_catch:1
tests/e2e/submenu-positioner.test.mjs,tests/e2e,66,c3bcd7ecbc6319aae6626ebfb0104e6d6ed9149f3152744aedf12df1ae49d10c,code,whole-text-static-scan,async_resource:2
tests/e2e/window-controller.test.mjs,tests/e2e,146,2d1c08267d3429914d4b1092120d653a5ba0ec6955491ef8cc645a9c4ac507a3,code,whole-text-static-scan,async_resource:1
tests/e2e/windows/embedded-webdriver-session.mjs,tests/e2e,246,38f6bf06f498d7189a7b938ab87cd41378742f112711b1650c672101b948aacf,code,whole-text-static-scan,process:1;file_write:2;async_resource:2
tests/e2e/windows/native-window-interop.mjs,tests/e2e,90,89fe39755499da20e1fc551908ac0a43a0247f1a5b5cc1aedcb962bd9b0bea50,code,whole-text-static-scan,process:2;file_write:2
tests/e2e/windows/native-window-system.mjs,tests/e2e,399,68b0002516ba4e57e216e6bed8d7283e840f19f64b6f3559359188ead31d3f2f,code,whole-text-static-scan,process:2;async_resource:2
tests/e2e/windows/run-window-automation.mjs,tests/e2e,347,c9d22ddd008b06ad6a60ad9bf3e656f8cec6a21c1ea547be4d469e7570fb4dac,code,whole-text-static-scan,async_resource:1
tests/e2e/windows/window-evidence.mjs,tests/e2e,74,2bb492d95155c74621ac7e01a6413f8afb7502458cee39b3703f7d7ec25c53dc,code,whole-text-static-scan,file_write:2
tests/e2e/windows/window-test-surface.mjs,tests/e2e,78,a9ae8d4f2c01fecc35977c207029e1bb368ad46d89c03d58b576d5460f8d71e9,code,whole-text-static-scan,
tests/fixtures/document-store-commands.json,tests/fixtures,121,03a5d544049d9fffb05edb4c5485ca8e0b0832f489d7159722c5b72277e2ee9c,config-or-lock,whole-text-static-scan,
tests/fixtures/hybrid-component-contract.json,tests/fixtures,8,141418f1cf54370066bf7993127ae678be87f5205fea2db66c8613040c26800f,config-or-lock,whole-text-static-scan,
tests/fixtures/preview-behavior-thresholds.json,tests/fixtures,47,cdb11bcc1a9b13b7a90cc49b210d16a6b55d480b69c07e2d6254b6f1d1186b55,config-or-lock,whole-text-static-scan,
tests/folder-file-tree.test.mjs,tests/folder-file-tree.test.mjs,71,e50208312c015d3826c8f828ca6b645f78939f39b49f0157e7a40adfa6778f74,code,whole-text-static-scan,
tests/helpers/lifecycle-resource-ledger.mjs,tests/helpers,215,ded51a06b36656a476087ddbe1ff4accefc268cb426258aee84ddd5b1d19afd2,code,whole-text-static-scan,
tests/helpers/stage-09-selection-controller-harness.mjs,tests/helpers,131,88e9c903187973d7065c19496402a9e53a5efccb63bc1b4cdf85bfce360e62ba,code,whole-text-static-scan,
tests/historical-workflow-routing.test.mjs,tests/historical-workflow-routing.test.mjs,27,3c01bf2d3ac1c4a3860e142fedb5d8eceb01b2399f0c4614524ecf076319aa35,code,whole-text-static-scan,
tests/hybrid-component-contract.test.mjs,tests/hybrid-component-contract.test.mjs,83,c946c9aa40594b539657517b9034b93a7595c7fea5620cc0764a239d8674b8db,code,whole-text-static-scan,
tests/hybrid-component-state.test.mjs,tests/hybrid-component-state.test.mjs,101,93cd8c42499486dedcc570125d2c120f32a25de153f35fc27a456127d166c917,code,whole-text-static-scan,
tests/hybrid-regression-baseline.test.mjs,tests/hybrid-regression-baseline.test.mjs,21,493b736a864233097c4da372dcf6a6b56c7be9b63e2d7918888c3fe11640c113,code,whole-text-static-scan,
tests/hybrid-source-highlight.test.mjs,tests/hybrid-source-highlight.test.mjs,26,4c00a051fce53692b97dd02643175f5f3782ecda93d593f2bb86277ecc53d6f2,code,whole-text-static-scan,
tests/package-scripts.test.mjs,tests/package-scripts.test.mjs,77,7f27cf4379e4febf3b537256a99c5bc66cfe879a96c3846b5acd4cea7d465dcc,code,whole-text-static-scan,process:2
tests/presentation-renderer-contract.test.mjs,tests/presentation-renderer-contract.test.mjs,82,e85135db852f4f19324f655a26a81c575fd46ba974c8863e2daec0dd9f4a8071,code,whole-text-static-scan,
tests/stage-01-handoff.test.mjs,tests/stage-01-handoff.test.mjs,211,7b7e7bd7d432a23c0bdb0f7b25e94c93b9727b5b47c60bdf3f512a4a7f7d8aff,code,whole-text-static-scan,
tests/stage-06-menu-model.test.mjs,tests/stage-06-menu-model.test.mjs,18,e7910577545267a9cba6ffab434d680ea7caa89e8e4c5ffb3e50c9de038cef24,code,whole-text-static-scan,
tests/stage-06-recent-files-menu.test.mjs,tests/stage-06-recent-files-menu.test.mjs,25,6303406aa73e1ed170647e9123f0a72362e5d290ccd6ed49e1f2a79223ffd4d5,code,whole-text-static-scan,
tests/stage-06-submenu-positioner.test.mjs,tests/stage-06-submenu-positioner.test.mjs,26,d5f61e45b934fcc0bdb87ded15bbb17c19472e66984f1f6b79bec212a48eb168,code,whole-text-static-scan,async_resource:2
tests/stage-06-window-controller.test.mjs,tests/stage-06-window-controller.test.mjs,76,3b7b73cb6e8cce39a4274756842c2b31448d6c15fcceec4d076fbc9cf2f83c98,code,whole-text-static-scan,
tests/stage-08-hybrid-activation.test.mjs,tests/stage-08-hybrid-activation.test.mjs,141,117b93c833a43323241a711558e7f42cacaef40fc3c07276debfd759b1affc82,code,whole-text-static-scan,
tests/stage-08-hybrid-code-block.test.mjs,tests/stage-08-hybrid-code-block.test.mjs,207,7124f3d6139d96b58ee7594e5b7998c262333cb494ec715fbb135b71a897746a,code,whole-text-static-scan,
tests/stage-08-hybrid-component-session.test.mjs,tests/stage-08-hybrid-component-session.test.mjs,136,147528dab7c706dcc2b38b1747e0deaa5e12c2b01d9aee2043a9ae3a1538575e,code,whole-text-static-scan,
tests/stage-08-hybrid-editor-controller.test.mjs,tests/stage-08-hybrid-editor-controller.test.mjs,146,f9e51bf076df388d2fe62394ba84e9c7e13d8b99349c7c14683ae20bd72bdee0,code,whole-text-static-scan,
tests/stage-08-hybrid-html.test.mjs,tests/stage-08-hybrid-html.test.mjs,52,3ec01d5db0ab7c79d21de024003bed03b177e2f624d5293cc7a22d33e7804a94,code,whole-text-static-scan,
tests/stage-08-hybrid-image.test.mjs,tests/stage-08-hybrid-image.test.mjs,182,9711eda3baabf9efb5249f69e86755bf81f1262faecfc6a38d1b8b9e29c45db8,code,whole-text-static-scan,
tests/stage-08-hybrid-inline-presentation.test.mjs,tests/stage-08-hybrid-inline-presentation.test.mjs,145,8362e913b0d7d2853c826467758a8e0b6913901e262b24bbe14f22aa08d1301d,code,whole-text-static-scan,
tests/stage-08-hybrid-math.test.mjs,tests/stage-08-hybrid-math.test.mjs,189,a7e3bf6fdec12e8b5a7d36f4af2ff6a01bfd5cd00b92623d3fd8311527a25c10,code,whole-text-static-scan,
tests/stage-08-hybrid-mermaid.test.mjs,tests/stage-08-hybrid-mermaid.test.mjs,101,658beff4549fdb2b02d4f86bd1e400a820516b510ebc21a37395de6d57f06e6c,code,whole-text-static-scan,
tests/stage-08-hybrid-prefix-hr.test.mjs,tests/stage-08-hybrid-prefix-hr.test.mjs,188,266ed2bdeeb9b161f7db475790fc29c3580aa2adbf2fb9c0b74e47b11f295371,code,whole-text-static-scan,html_sink:1
tests/stage-08-hybrid-shared-widget-ui.test.mjs,tests/stage-08-hybrid-shared-widget-ui.test.mjs,192,2f3049c9e8637296c3d70f02b174768a4e38889e2329b1d1e4d50ead5f3f6141,code,whole-text-static-scan,
tests/stage-08-hybrid-source-edit-controller.test.mjs,tests/stage-08-hybrid-source-edit-controller.test.mjs,146,c84889625e61d124763f0d975d0d5c45095ce6b6b8aaf56bf751f68b7a9da86d,code,whole-text-static-scan,
tests/stage-08-hybrid-state-machine-freeze.test.mjs,tests/stage-08-hybrid-state-machine-freeze.test.mjs,325,881a5138264f0991c4af9dfa73b77b2368a47b6a9118477ccf957795d7bff2b6,code,whole-text-static-scan,
tests/stage-08-hybrid-table.test.mjs,tests/stage-08-hybrid-table.test.mjs,206,cff48dc87043e301791c1af8a98583c20f4611723a241262b9009984796f1a59,code,whole-text-static-scan,
tests/stage-08-hybrid-widget-lifecycle.test.mjs,tests/stage-08-hybrid-widget-lifecycle.test.mjs,175,74866e46b5f5650e8db3b69b55491482948b36b3a229172b37cca23ca874bc5a,code,whole-text-static-scan,async_resource:2
tests/stage-09-editor-scroll-mapper.test.mjs,tests/stage-09-editor-scroll-mapper.test.mjs,126,ffefb5c5d795bc613ffd09fefde1b06afad7aff0d8e04e053366f4a9fa6637cc,code,whole-text-static-scan,
tests/stage-09-final-sync-legacy-removal.test.mjs,tests/stage-09-final-sync-legacy-removal.test.mjs,271,f12c81a5377462a40f6f366c672ca2a5e502b0791763758a6fbe0bae9286eb71,code,whole-text-static-scan,
tests/stage-09-frozen-selection-mapping-integration.test.mjs,tests/stage-09-frozen-selection-mapping-integration.test.mjs,37,fdb899dd0b42dc3f92982279e478a92eac1767f698036d4003d0ba4cff34765f,code,whole-text-static-scan,
tests/stage-09-preview-scroll-mapper.test.mjs,tests/stage-09-preview-scroll-mapper.test.mjs,144,7dc4a25041bb1270c17757d4e875b72e52df8181cf82e150e162a432de18a093,code,whole-text-static-scan,
tests/stage-09-scroll-contract-freeze.test.mjs,tests/stage-09-scroll-contract-freeze.test.mjs,261,cab14e2f6e2a3da8e9068634c1f34e0a071b76521a6e3ebdd7e0279fa0bf742b,code,whole-text-static-scan,async_resource:3
tests/stage-09-scroll-controller.test.mjs,tests/stage-09-scroll-controller.test.mjs,248,cd47bb7deb96bbf1c91fdee1340365929ba3a8127f2a67b356e0a1d81820d051,code,whole-text-static-scan,
tests/stage-09-scroll-geometry-session.test.mjs,tests/stage-09-scroll-geometry-session.test.mjs,220,2255d5ae34c7efb199c3b6ce8e919832cea1fd9e7ddfdaa0265569267e556bca,code,whole-text-static-scan,
tests/stage-09-scroll-source-ownership.test.mjs,tests/stage-09-scroll-source-ownership.test.mjs,184,ac2536f6bd47114d990575dd4ae40b21819410753cdf3739be7b119c320aa37e,code,whole-text-static-scan,async_resource:4
tests/stage-09-selection-feedback-guard.test.mjs,tests/stage-09-selection-feedback-guard.test.mjs,136,479f9150a5f6b2620f791b41a292f71a658233121d74668da2ce8fb0e794ed04,code,whole-text-static-scan,
tests/stage-09-selection-highlight-session.test.mjs,tests/stage-09-selection-highlight-session.test.mjs,244,545e7512b7ba970c1c95e1b8478a2f75425aa50f3cc3db3ad847a2b4422b9b1d,code,whole-text-static-scan,
tests/stage-09-selection-readers.test.mjs,tests/stage-09-selection-readers.test.mjs,197,4fa6a019e006a4c40f4971557c47be1d645db17a5029a9d37edf9925d1d26f77,code,whole-text-static-scan,
tests/stage-09-selection-retry-scheduler.test.mjs,tests/stage-09-selection-retry-scheduler.test.mjs,163,32ef0d3666e8fe9276480f2058049476f80fac3662ec237742b1995334b3fab0,code,whole-text-static-scan,
tests/stage-10-autosave-controller.test.mjs,tests/stage-10-autosave-controller.test.mjs,250,62963f6c26c63913b54a2429e03e776cc4c2e1ed752864a4af4d7bbcac882a06,code,whole-text-static-scan,async_resource:2
tests/stage-10-browser-document-repository.test.mjs,tests/stage-10-browser-document-repository.test.mjs,182,28eb7ab453a90f80c05172c3bc8c18da3b9aa3fe472a8d66d060af2862b8a694,code,whole-text-static-scan,file_write:1;async_resource:3
tests/stage-10-close-save-controller.test.mjs,tests/stage-10-close-save-controller.test.mjs,181,34f5a9013251f69f39ffba83b5c71b6f832426eaa26d9ebe278a28de3c30b52c,code,whole-text-static-scan,async_resource:2
tests/stage-10-load-controller.test.mjs,tests/stage-10-load-controller.test.mjs,280,b8fcbc712ed9889f6058a535f911b2020c76aeb0429f915610c3465fa2ef0862,code,whole-text-static-scan,async_resource:3
tests/stage-10-native-save-queue.test.mjs,tests/stage-10-native-save-queue.test.mjs,264,b876230b4e025926b5a2dfb26509212de662f8a9e5a80795a031b4d5f4d45659,code,whole-text-static-scan,async_resource:3
tests/stage-10-native-save-session.test.mjs,tests/stage-10-native-save-session.test.mjs,138,e65a753ad731a918e255dcb341715f9eb0cab53ab36bce87d9e97ecd38d0fee6,code,whole-text-static-scan,async_resource:3
tests/stage-10-native-search-adapter.test.mjs,tests/stage-10-native-search-adapter.test.mjs,127,7c61d663b24d72ef4d48bbe39cf2d554b44673841ceb2091f2d97b10874f82ef,code,whole-text-static-scan,async_resource:3
tests/stage-10-native-segmented-loader.test.mjs,tests/stage-10-native-segmented-loader.test.mjs,175,ab1cfbe93fe3cc6f780cfdb9a3f5a62a3b74858eb7d3a68dce5ae7ee15c8f53a,code,whole-text-static-scan,async_resource:1
tests/stage-10-native-snapshot-uploader.test.mjs,tests/stage-10-native-snapshot-uploader.test.mjs,330,b6a37def37b711622224e416b904917a4070ae16f47065c30afda3e14e282cfb,code,whole-text-static-scan,async_resource:3
tests/stage-10-remove-legacy-save.test.mjs,tests/stage-10-remove-legacy-save.test.mjs,195,68f5c4a60b0b8a6a9e992609750cb58d01a1d6052987107d38fb5cc6f1b8e446,code,whole-text-static-scan,
tests/stage-10-save-controller.test.mjs,tests/stage-10-save-controller.test.mjs,232,16a900ccb0f0192b335fa072d2887a659979804b2cfbb9f7fb5ebe6cad59a9b7,code,whole-text-static-scan,async_resource:3
tests/stage-10-save-status-store.test.mjs,tests/stage-10-save-status-store.test.mjs,163,f3873ea3165612f368ee6cc927b0fa85825b0083cfb488a7406d1588c152de31,code,whole-text-static-scan,async_resource:3
tests/stage-11-document-store-commands.test.mjs,tests/stage-11-document-store-commands.test.mjs,137,5bd7cbbb4b5ebba411e56dc6630e052bd502f8d837b17f49304ad09fac26a708,code,whole-text-static-scan,
tests/stage-12-directory-tree.test.mjs,tests/stage-12-directory-tree.test.mjs,133,a63ac8fa8fecc0681e701aa0d2331b13db658fcb3fa249d7d4bb64c6297583fa,code,whole-text-static-scan,
tests/stage-12-external-link-validation.test.mjs,tests/stage-12-external-link-validation.test.mjs,100,fb385e0465b52febc133c812715cbe07a648966b579ab1b18b27eba3fc73a74d,code,whole-text-static-scan,process:3
tests/stage-12-file-kind.test.mjs,tests/stage-12-file-kind.test.mjs,108,84fc63731565644f167788cbb458394653e8c1f702e90bb43d520a53dc2b35ff,code,whole-text-static-scan,
tests/stage-12-local-commands.test.mjs,tests/stage-12-local-commands.test.mjs,155,3a9bb6f5609a05c81db3f18bd8510823d00a0dae0b2b6e0c0cfb883b5f6ed194,code,whole-text-static-scan,process:2
tests/stage-12-log-redaction.test.mjs,tests/stage-12-log-redaction.test.mjs,126,80f15c169b7e5e4c73a32f189491aaa819e80a20a5eec66f01f09342414aa293,code,whole-text-static-scan,process:2
tests/stage-12-opener.test.mjs,tests/stage-12-opener.test.mjs,161,b28b742b1f50a635b0fcf902229050463b6723d112ec22fbbc2282c5f282c339,code,whole-text-static-scan,process:3
tests/stage-12-path-policy.test.mjs,tests/stage-12-path-policy.test.mjs,109,791710b8db558cd4882a2eed59b36f6016b966411aa45d8520a1ad790c116fd7,code,whole-text-static-scan,
tests/stage-12-readers.test.mjs,tests/stage-12-readers.test.mjs,123,645dba27c3f62a80f4849c370e9550b0ea73a64e246ee510fce69814230199be,code,whole-text-static-scan,
tests/stage-12-security-contract.test.mjs,tests/stage-12-security-contract.test.mjs,149,79e336e8624e58996770eb16adb6f1a2cf8b91cd32fd1bc380e04147f15fbc89,code,whole-text-static-scan,
tests/stage-12-tree-limits.test.mjs,tests/stage-12-tree-limits.test.mjs,124,70996d00f7a384110452042bc1b0c40500ffa6813dcb6a725233b3ce028b00d7,code,whole-text-static-scan,
tests/stage-12-validation-workspace.test.mjs,tests/stage-12-validation-workspace.test.mjs,81,ec3e9e5cfd0a51726d7a7ef30d92e4e1da30069ac9ab3ff3249b335de226e7d8,code,whole-text-static-scan,process:2;file_write:2
tests/stage-12-web-client.test.mjs,tests/stage-12-web-client.test.mjs,188,928d3d3d16255a401505efdb0d31efca65cfd67a971b0a12536ba882d7c3cdc5,code,whole-text-static-scan,process:2
tests/stage-12-web-response.test.mjs,tests/stage-12-web-response.test.mjs,161,e1375f3ed6208b419723355af27710d31cfa3da38e83f4bfb5bf313423924669,code,whole-text-static-scan,process:2
tests/stage-12-web-validation.test.mjs,tests/stage-12-web-validation.test.mjs,176,fa4bbb809e5e48b46082f885a13d7a699a3d34743796394ab768dbff6d89590f,code,whole-text-static-scan,process:2
tests/stage-12-writers.test.mjs,tests/stage-12-writers.test.mjs,128,b5a35504fbe5b0b9cff98aea7261d5c355f93ae1a3c38e056753e61da557aea0,code,whole-text-static-scan,file_write:3
tests/svg-sprite.test.mjs,tests/svg-sprite.test.mjs,121,50622c225dc73813b3cd409961a8e5f3f04b4b0de6b68bec7f4f3fd89d2e0dec,code,whole-text-static-scan,
tests/ui/app-shell.test.mjs,tests/ui,150,c75e8a8cc320a43439f9be8f6e5dacbe37c69168a0904c4db5b45b2221c21be6,code,whole-text-static-scan,
tests/ui/css-tokens.test.mjs,tests/ui,134,63905cb670b643d3ec8e34a22f42d0ef256cd5b39c3bfa59b021580d4ee3d46a,code,whole-text-static-scan,
tests/ui/dom-asset-inventory.test.mjs,tests/ui,72,b45fbca8b9542e8ec61270bd1e12aae561b2d0282c704b936258acc6cc0261fe,code,whole-text-static-scan,
tests/ui/dom-primitives.test.mjs,tests/ui,273,b2f2600607264bc59a84bf9c7d9ed634c930543a4e6b5ec2a3e191eac727582b,code,whole-text-static-scan,
tests/ui/fixtures/dom-asset-inventory.json,tests/ui,23946,8820f5b013ed4e6e43f07ea1351c8d7652d55f04e09c6158e0fe506733ab0058,config-or-lock,whole-text-static-scan,
tests/ui/fixtures/dom-migration-map.json,tests/ui,24232,d617da1a7a44eb7989566d7cd5f23fa76b8f918a40ae347d0206b10addc9f811,config-or-lock,whole-text-static-scan,html_sink:2;async_resource:2
tests/ui/fixtures/dom-region-manifest.json,tests/ui,43,40b4dd8c8dc05817fab054f4a213c67c38446bd60eb0487d8a1c734d6a07fdbd,config-or-lock,whole-text-static-scan,
tests/ui/minimal-index.test.mjs,tests/ui,92,7e8be28a4ce4e0de2c4bfb93b413e71d3b5ea30e46f3d10185a9e89835e669ae,code,whole-text-static-scan,
tests/ui/modal-shell.test.mjs,tests/ui,443,6dcc737951854899c19f04dd0ebab885ef87632595a9568d97e4f8433146963f,code,whole-text-static-scan,async_resource:3
tests/ui/responsive-shell.test.mjs,tests/ui,65,d8d3991ef7b09483677dfcea6d051e80050b8110d96574a1ff11377bbb8efa5f,code,whole-text-static-scan,
tests/ui/shell-cutover.test.mjs,tests/ui,59,4f59587ccde6d23aaf1a27119ae49c33acb12283a9d5d8575603d1c60e81ddc4,code,whole-text-static-scan,
tests/ui/style-layering.test.mjs,tests/ui,217,73aaa81851b915f75f04d652be702d956f5e5eabb50b4ae2df6d9d933574d955,code,whole-text-static-scan,
tests/ui/style-test-utils.mjs,tests/ui,173,75062dbbdc30f1ef1b8d9852b9f622542fdcefc96ba46985a47f4ddea896fd2a,code,whole-text-static-scan,
tests/ui/themes.test.mjs,tests/ui,78,eb05af99acbf44da08ffc6f6a912b2181142fec07a93e4780534881d8a54eeb2,code,whole-text-static-scan,
tests/unit/documents/document-domain.test.mjs,tests/unit,126,802ecf91670b8f6db857eac8a56616b963f6f9c76e22da5662e6a3add8402e8d,code,whole-text-static-scan,process:2
tests/unit/documents/document-session-controller.test.mjs,tests/unit,457,ff8e4ed36e6c98f0aab67819e5094dc36c0ca9acda823f70dc0461bbe11af783,code,whole-text-static-scan,process:2;file_write:1
tests/unit/documents/document-session-store.test.mjs,tests/unit,168,47ea3f5b3638572d8fd8075923c24513a046aae2c62789bddfce6cc3c97adca5,code,whole-text-static-scan,process:2
tests/unit/documents/document-ui.test.mjs,tests/unit,69,affed0ace52617572105ca1f8869591d60792c6c18f83bd90888394c2d13d61f,code,whole-text-static-scan,
tests/unit/documents/recent-files-read-source.test.mjs,tests/unit,37,eba6b9335b23e89810a235f406dcd35039c547c4806c6532f7f8a4cacde6939d,code,whole-text-static-scan,
tests/unit/documents/recent-files-repository.test.mjs,tests/unit,228,a5f8732397e201c9181b3ebf98db528bce59e3ff1205f45cf4b93aacfb382a32,code,whole-text-static-scan,process:2;file_write:2
tests/unit/editor/codemirror-adapter.test.mjs,tests/unit,312,cef8b9d1480c6d47cb33b7b6e931028dd6bab8d82c499e7e9acd36a408493253,code,whole-text-static-scan,
tests/unit/editor/codemirror-extension-registry.test.mjs,tests/unit,168,503bf11c032d1ca349667814a2997cdc28efa2639bd60905ae94d57a3bd44008,code,whole-text-static-scan,
tests/unit/editor/editor-command-service.test.mjs,tests/unit,196,58c358fa10c7a1775a0909050d4790d1c8787fa19242f667744a50054c7726a4,code,whole-text-static-scan,
tests/unit/editor/editor-controller.test.mjs,tests/unit,153,60213fee9efdcc5fcdc667bd3d5fc3328df0821a5bace9f1d223a1dafb7e706b,code,whole-text-static-scan,
tests/unit/editor/editor-history-adapter.test.mjs,tests/unit,62,d5e9645ea2f0e706439b08a37c3641f69612d9035157ef9582291f960775224d,code,whole-text-static-scan,
tests/unit/editor/editor-ui-foundation.test.mjs,tests/unit,155,142a7201e9135e004d80f927f816fd4fb8cd492e352cea3971f62de5ac7abddb,code,whole-text-static-scan,
tests/unit/editor/find-replace-command.test.mjs,tests/unit,180,75c2c9c9cbfd19416741a7b749a7892bb3b9a4b5fc2135a95bdc8a460e41fb01,code,whole-text-static-scan,
tests/unit/editor/pointer-selection.test.mjs,tests/unit,144,022d7b7809dde6947c2fcbf7c3285b184274e5ea8a654ec02e44b0719ef01f15,code,whole-text-static-scan,
tests/unit/help/help-feature.test.mjs,tests/unit,257,1d86fa87529b4f79beadb1f021ab90ef1e6c0b6b5ab8898300316059dbbf8f09,code,whole-text-static-scan,file_write:1
tests/unit/i18n/fixtures/locale-key-compatibility.json,tests/unit,235,a10ec4d222413170ed0c84bc8e01849718a4497e3ed95d3bb35b0010a5b8eed7,config-or-lock,whole-text-static-scan,
tests/unit/i18n/fixtures/locale-split-compatibility.json,tests/unit,96,168c6d82e2d197fba05ff050d4a57d91c2704ffaa26987467e2886604cfb1c92,config-or-lock,whole-text-static-scan,
tests/unit/i18n/i18n-service.test.mjs,tests/unit,147,dea799c378d95838ac5a84389dff4cdc49de21dec4c99294e820f88984ef0879,code,whole-text-static-scan,
tests/unit/i18n/locale-key-audit.test.mjs,tests/unit,96,3acd4ab9b6105b850b4b7055c98176538e04b6e11a3baacb0315c687edcca803,code,whole-text-static-scan,
tests/unit/i18n/locale-registry.test.mjs,tests/unit,155,6b80c0d42ee249cde9b4abe9bc0668f8b0d953ced786621ee12659961b7541a8,code,whole-text-static-scan,
tests/unit/i18n/settings-locale-controller.test.mjs,tests/unit,132,6c2341ae034dd7703047e10056fc7b14d84499b4ef29182cba88c4ef4c603353,code,whole-text-static-scan,
tests/unit/i18n/translation-bindings.test.mjs,tests/unit,196,41947a47d4cb61127ae5a89e7e56d4233abf0f87699e496c7449d746e8b412bd,code,whole-text-static-scan,
tests/unit/layout/classic-layout-state-port.test.mjs,tests/unit,60,79009d7773a95960eb90e55844218bae62c718d12e5b2e3a3fdef96fc8544aba,code,whole-text-static-scan,
tests/unit/layout/compact-shell-controller.test.mjs,tests/unit,68,2f249197c45b91088a4d6dc6a6f934c053de34f5ed9b729f879e881d659b8276,code,whole-text-static-scan,
tests/unit/layout/compact-split-controller.test.mjs,tests/unit,81,f154bd6cdeb60d1bda3568f429ca7df7a21d7730f4e5621cf4e0435d3fe1bc0a,code,whole-text-static-scan,
tests/unit/layout/layout-state.test.mjs,tests/unit,77,05bd847c1335dc3593e8aef14306f96eaa8c153844d064a8f187a51817ec630f,code,whole-text-static-scan,
tests/unit/layout/page-fullscreen-controller.test.mjs,tests/unit,99,30e1accdd3bdaead286144ad338ecbff94baaa9b1643c6e9ad7e6a68ecf4b231,code,whole-text-static-scan,
tests/unit/layout/sidebar-layout-controller.test.mjs,tests/unit,39,1dce3cdb0a4451d7fe4b73d7382db618308db3c373b867ec457343a8c3b44a0d,code,whole-text-static-scan,
tests/unit/layout/sidebar-resize-controller.test.mjs,tests/unit,172,447c1b2dd05ecd5c2f258fd6d575b92ee7db84255eb97981cbde0a81d4e96b38,code,whole-text-static-scan,file_write:1
tests/unit/layout/split-pane-controller.test.mjs,tests/unit,68,29742f0d14244640aedf5a4a38819a51b788601325d3674d57050a7ba8bf686a,code,whole-text-static-scan,
tests/unit/layout/split-resize-controller.test.mjs,tests/unit,93,ce0f97e65d0676647ed14a656e89d415c8f8e54169a72228d5c8359b37510798,code,whole-text-static-scan,file_write:2
tests/unit/layout/stage-06-layout-destroy-validation.test.mjs,tests/unit,255,0cb53b76dd1aa9407217b1b177b7cfdd6e636f43a16c7c00b1a7defb2ac8bf97,code,whole-text-static-scan,file_write:1
tests/unit/layout/system-fullscreen-controller.test.mjs,tests/unit,101,50234454ff06b63addddd51329181d5680d825a9802d1277b8ace06826ddfa8b,code,whole-text-static-scan,
tests/unit/layout/toolbar-boundary-controller.test.mjs,tests/unit,154,cbc93cbc9ec454724d38620f7d3d4c07497907a9def7a0fc7c14a99ddea03f2a,code,whole-text-static-scan,
tests/unit/menu/classic-menu-command-adapter.test.mjs,tests/unit,35,0ee82e99ad8180ab684b088506aa7fc91b701a8f211eeaf596b3c1975a81fea7,code,whole-text-static-scan,
tests/unit/menu/classic-menu-command-port.test.mjs,tests/unit,44,74c895abd171c11ee5648b6a9c0e2b058594a949aef36e1b88164c801e3c9ea6,code,whole-text-static-scan,
tests/unit/menu/classic-submenu-positioner-port.test.mjs,tests/unit,17,370e0a0ac5f9fa205f3ebe831be3e5ee71b502b9f61b660b53c83222cb6ab94c,code,whole-text-static-scan,
tests/unit/menu/menu-command-bindings.test.mjs,tests/unit,24,9ee03ff834b8c747fb60648e52e7620a5bb4a36972ae17220ced5a38fd68c913,code,whole-text-static-scan,
tests/unit/menu/menu-controller.test.mjs,tests/unit,54,b3f8ee89c497ecb5a925aa784290eb6c5c1ae6f1828584fe09dc10139dd4a49e,code,whole-text-static-scan,
tests/unit/menu/menu-state.test.mjs,tests/unit,32,6e595bcb35f45c00089697ddb96437446d79f95d0bd9b6fd4e363fcd2ea03700,code,whole-text-static-scan,
tests/unit/menu/menu-view.test.mjs,tests/unit,99,b819be2999b6346ffecd697d13e59ac715e23449b90bc0e7bce86da6bb158c2a,code,whole-text-static-scan,
tests/unit/menu/recent-files-menu-controller.test.mjs,tests/unit,175,360f2dda9bb606983af69cac02ee27102faddf5c267ae311e6d27c5e25c6a6e5,code,whole-text-static-scan,
tests/unit/menu/stage-06-menu-destroy-validation.test.mjs,tests/unit,165,583b90e937cae52b7fcb20d708c42e9533148d1a41fef130cf5415c3cf382eb9,code,whole-text-static-scan,async_resource:2
tests/unit/menu/submenu-positioner.test.mjs,tests/unit,158,2d76e9936d141581768718e40937c40a8f4515b60e636a22511f65d52404dca9,code,whole-text-static-scan,async_resource:2
tests/unit/platform/browser-clipboard.test.mjs,tests/unit,71,c2ad63ca8466c4db6b6fd7aca549279406ee68d5549409b25cb23ce9c3798fb5,code,whole-text-static-scan,
tests/unit/platform/browser-file-download.test.mjs,tests/unit,74,c11436d3888fe46f8b264ab1a78ea65722bec22fc609d30f45921f533e142ad3,code,whole-text-static-scan,
tests/unit/platform/browser-file-reader.test.mjs,tests/unit,81,a780fc6dc7dfb44046938d952f44513a4560c6fbe0ae2ae038efc0abb3a780cc,code,whole-text-static-scan,
tests/unit/platform/browser-fullscreen.test.mjs,tests/unit,88,948d2343cf229645071722c088535917fdfb6f90852b407d71672cb89ed71ac6,code,whole-text-static-scan,
tests/unit/platform/browser-print.test.mjs,tests/unit,32,45010c1e4ebdb457818669d3c5529d23c162294bb29939bba83904a14465b4d7,code,whole-text-static-scan,async_resource:1
tests/unit/platform/browser-storage.test.mjs,tests/unit,82,e1ef9b0f8d71b85b84b01d6eda667b4722adc2575a216e18c67e1e246b833670,code,whole-text-static-scan,file_write:3
tests/unit/platform/classic-platform-port.test.mjs,tests/unit,42,65a92d3db7f78ab991931c1a599c90c7a909ff67e37b34eb564a99dd490d3706,code,whole-text-static-scan,
tests/unit/platform/create-platform.test.mjs,tests/unit,250,f309c06274a9a1d63886482328c01267a5c8ab21e30df95c223a068521ae0c0a,code,whole-text-static-scan,file_write:1
tests/unit/platform/desktop-platform-contract.test.mjs,tests/unit,112,d67e804333965151c7dc9ad2e054859dcffa6af8b085344baf931b193c02c226,code,whole-text-static-scan,
tests/unit/platform/dialog-client.test.mjs,tests/unit,258,a0d891c909bb7fcb4eab565074f6d290a7cee27c2fdfe0a01007122ad8a27fb3,code,whole-text-static-scan,
tests/unit/platform/document-store-client.test.mjs,tests/unit,195,2b23ee96f0a6f9e30e372b1b3e354b3dca3b2aa119adc0e737fe47e16f022538,code,whole-text-static-scan,
tests/unit/platform/drag-drop-client.test.mjs,tests/unit,204,68cdc167e7dcf87bd01d7deb7d0e007ddf6dcac54d5c2f538d0d3309ee1d7aaa,code,whole-text-static-scan,
tests/unit/platform/file-system-client.test.mjs,tests/unit,218,28f959ff298bfa4f9e649ee33154005727239056a7fdcadef14a2fd6bf831753,code,whole-text-static-scan,
tests/unit/platform/fixtures/platform-port-inventory.json,tests/unit,53,ba97d763e9bd047ffa3609b586ba45fac2c15fa26a7a916277de73531e5f1239,config-or-lock,whole-text-static-scan,
tests/unit/platform/invoke-client.test.mjs,tests/unit,158,1b5f370c635677bd1bc659c48158e64fdf01aa2f18cd371aef8d62746ba850ef,code,whole-text-static-scan,
tests/unit/platform/link-client.test.mjs,tests/unit,71,c05126b06e669202a6a722cd2c47e382c4da9da957fbde633b9ca329ebc911d7,code,whole-text-static-scan,
tests/unit/platform/performance-log-client.test.mjs,tests/unit,78,0aab71309ac42f66f5dd0294574700a7e6137ac1963f1af2667e06b17488c896,code,whole-text-static-scan,async_resource:1
tests/unit/platform/platform-cutover.test.mjs,tests/unit,75,91f5b789e0b6b92cdb54b767e69920d61de9aa7828c8bd28aabeb38a6230c4b4,code,whole-text-static-scan,
tests/unit/platform/platform-detection.test.mjs,tests/unit,231,a55e4767314d19bfa850e4d5daad6293c5be29cb3b026613cf89a0d593a486eb,code,whole-text-static-scan,file_write:1
tests/unit/platform/platform-ports.test.mjs,tests/unit,302,560467121214b3a778a66bcff0f3017d6814a67b7b5f02ad9c555d8198dbe600,code,whole-text-static-scan,
tests/unit/platform/web-fetch-client.test.mjs,tests/unit,69,7659319559f85e9e0389b1d5b40d8c4443595b95ff1bbc269d40f4f2b3f3461d,code,whole-text-static-scan,
tests/unit/platform/window-client.test.mjs,tests/unit,186,14e8824cbed7cebc8944ec79e6ef97a7230bded37a7f5bbd0b28f4f37bc3bf23,code,whole-text-static-scan,
tests/unit/preview/classic-preview-enhancement-coordinator-port.test.mjs,tests/unit,43,ddf0033e61eddeb096b698e045e6bc4ea8c1432ad694864d5f0e623b52452d0c,code,whole-text-static-scan,
tests/unit/preview/classic-preview-focus-controller-port.test.mjs,tests/unit,55,85fc256f1fe5fead3035cf6290dd2c2ababc81ee5c532c9febc856ee016a635a,code,whole-text-static-scan,
tests/unit/preview/classic-preview-layout-stability-port.test.mjs,tests/unit,50,0a147317243f8f2af56ba6fa39fe008b06c25cea355de3bb48e7322a5142f5c8,code,whole-text-static-scan,
tests/unit/preview/classic-preview-mode-resolver-port.test.mjs,tests/unit,28,a9c36756182fe5f7f3c9d3ad2da1b43738ecdb012e6ddcc65f6c7e581db987b9,code,whole-text-static-scan,
tests/unit/preview/classic-preview-recovery-view-port.test.mjs,tests/unit,49,8f87f3e45b73ecf6d38ed42dd4864464b604917309ff40698f7af4984267f210,code,whole-text-static-scan,
tests/unit/preview/classic-preview-render-coordinator-port.test.mjs,tests/unit,38,96ac52fb057cb7b3fd84fdd330691a2c1706a57d755d3eac7157654079bd7d25,code,whole-text-static-scan,
tests/unit/preview/classic-preview-renderer-port.test.mjs,tests/unit,22,b1af35e98e84a4c3840e602e475ac132785787fe6c85cce46dce9e9aeec11cc5,code,whole-text-static-scan,
tests/unit/preview/classic-preview-scheduler-port.test.mjs,tests/unit,50,1d0beb7fbc5005b00fd1313caa09045ceb596d42226c4fddada26f1fa4690965,code,whole-text-static-scan,
tests/unit/preview/classic-preview-state-port.test.mjs,tests/unit,44,eb144c9e288bfd33c0fcd4684a3eadb6569fe9e10a24b6f9b4f4b5140c86573e,code,whole-text-static-scan,
tests/unit/preview/classic-preview-thresholds-port.test.mjs,tests/unit,33,3431fdf0a37472ccdc293cdf71ad0b650dddbdde66b3377953de18e0a76dd51a,code,whole-text-static-scan,
tests/unit/preview/height-cache.test.mjs,tests/unit,64,1fb42a13b97706e31571168965f240adf0c3a8a18d8265dea9d4ab66dc481352,code,whole-text-static-scan,file_write:1
tests/unit/preview/preview-block-view.test.mjs,tests/unit,40,e1afb96efeafbf274ae035388498b31bdfaf84e3ae5ade412579f6f73f92ecf9,code,whole-text-static-scan,
tests/unit/preview/preview-cancellation.test.mjs,tests/unit,46,353e5231356248808f5412e742c03a20c3d6414461d881bc13429eb025c55f1d,code,whole-text-static-scan,
tests/unit/preview/preview-controller-command-handler.test.mjs,tests/unit,134,b0c15e697676235688ba5bc54342b20678937ec4616589ce8a5a69b643db8a14,code,whole-text-static-scan,async_resource:2
tests/unit/preview/preview-dom-renderer.test.mjs,tests/unit,77,316390eec83a62981b5c7ba60de96bd176cb7174d702f532d72d97370abe018a,code,whole-text-static-scan,
tests/unit/preview/preview-enhancement-coordinator.test.mjs,tests/unit,217,5319d2fa3d5c8012168e18d3f4313078b0c1cc42ade97b8576a2f9a36abf0429,code,whole-text-static-scan,async_resource:1
tests/unit/preview/preview-focus-controller.test.mjs,tests/unit,207,dd402aa131aec6318b8673a78c855423f315508f582114e2d699bd7536d925d8,code,whole-text-static-scan,
tests/unit/preview/preview-layout-stability.test.mjs,tests/unit,214,3d3ae00757547d3d42cfe78e8503a27b41a1505e27419b8ceb1919550facb440,code,whole-text-static-scan,
tests/unit/preview/preview-mode-resolver.test.mjs,tests/unit,42,1b727b8d014e1f7952d76e048dfede33a7db8f126377e2d42e891e0d375c5ea5,code,whole-text-static-scan,
tests/unit/preview/preview-recovery-view.test.mjs,tests/unit,99,eeb620c421deb9aa58fdcefe72411b2e5f848b65c77ded3c5d38c511e9c8729a,code,whole-text-static-scan,
tests/unit/preview/preview-render-coordinator.test.mjs,tests/unit,195,15fb55c981efc3bfb15c74838cf31803fa5fc586c97cb6d8cdf6c48606f129b1,code,whole-text-static-scan,
tests/unit/preview/preview-render-engine.test.mjs,tests/unit,197,af4535bd1dc16b81c06b7e2bd8e02b1b25552c17aa1eddb1d4112d8259ef24ea,code,whole-text-static-scan,
tests/unit/preview/preview-renderer-port.test.mjs,tests/unit,48,d32f9332d8dde869cd6aa1a6ad7ecd95e5a6a42c1f99a94f25752facd88123f2,code,whole-text-static-scan,
tests/unit/preview/preview-scheduler.test.mjs,tests/unit,221,e0dc487f4e294b8401d1610f9439d0af9c705c820d4fea4548bbbfd40c294697,code,whole-text-static-scan,
tests/unit/preview/preview-specialized-renderers.test.mjs,tests/unit,150,e8add9c0bdeef4c6e810a32d6d1be5ebd726394a99d973f504d6e69e654a73ec,code,whole-text-static-scan,
tests/unit/preview/preview-state.test.mjs,tests/unit,120,e4bad3098d38321b27ff9a3623b8b03e20f04c65dad6742911200e84656ecc80,code,whole-text-static-scan,
tests/unit/preview/preview-thresholds.test.mjs,tests/unit,34,1699400479de6d075306919ddf27f7eae5d8b9e7dbba5280236b63b1ba959484,code,whole-text-static-scan,
tests/unit/preview/preview-worker-protocol.test.mjs,tests/unit,148,3ce4c6a346b70f1fa2f9de9873af09c94bb4b99a23587f363eed865e73b1ba01,code,whole-text-static-scan,
tests/unit/preview/preview-worker-session.test.mjs,tests/unit,182,2d2d3530c3c5bc11d8640480e48152572976601b7966b1fcb2080e2513abf3ca,code,whole-text-static-scan,
tests/unit/preview/spacer-view.test.mjs,tests/unit,31,6ef1b19a5b59d036072fa33005986a7841445886bdd175954c6ccdafd19ca68c,code,whole-text-static-scan,
tests/unit/preview/virtual-window-controller.test.mjs,tests/unit,212,3755b07be62cd13431564ace5278697392bca4d297a65e280902f5de0d16c311,code,whole-text-static-scan,
tests/unit/preview/virtual-window-model.test.mjs,tests/unit,53,fe9b0409e13809cce45d83d8ec635b9833ccad8ada9fc27a8cb94a442b60220f,code,whole-text-static-scan,
tests/unit/settings/classic-settings-store-port.test.mjs,tests/unit,106,ad06af3a62f286c5ae07dbf2b73f3e3a94ee88264090226d67306ce4d552617d,code,whole-text-static-scan,
tests/unit/settings/settings-repository.test.mjs,tests/unit,221,a0f86811b84232e0b6f2cb17dbd8b2b4910af4b0e63d963a13c1ac42ea0a8fd9,code,whole-text-static-scan,file_write:1
tests/unit/settings/settings-schema.test.mjs,tests/unit,191,fb74a9ce99835f0e2725340604aadfb75f2e0846e3bbe5b51509f41ec6acd471,code,whole-text-static-scan,
tests/unit/settings/settings-sections.test.mjs,tests/unit,176,72ac6a75852e790d22fa519e1299ca216eebd28cad8672679578ddb995ead8f3,code,whole-text-static-scan,
tests/unit/settings/settings-store.test.mjs,tests/unit,173,8503f3ec0f89838ad02bbf3fed01b0ddde24466387f1839d47133501545f2593,code,whole-text-static-scan,
tests/unit/settings/settings-ui.test.mjs,tests/unit,357,e32671d2513e4ab0e53d17a51891ff4d10754602cecf0971bc149b52eeebfedf,code,whole-text-static-scan,
tests/unit/sidebar/classic-folder-tree-controller-port.test.mjs,tests/unit,9,4744f7816134ae2b96183eac12c98a4f240817b7368b2506f6c9f0cd352d92dd,code,whole-text-static-scan,
tests/unit/sidebar/classic-outline-controller-port.test.mjs,tests/unit,26,0e4e2d415df20ba6628388b31c6f2b0becc912114eab33bddc165e89cf1e48ac,code,whole-text-static-scan,
tests/unit/sidebar/classic-sidebar-controller-port.test.mjs,tests/unit,38,a159d82ed44aa4366a696f08d240d9e3e512efab16ad929fa912e5c1cb87bb17,code,whole-text-static-scan,
tests/unit/sidebar/folder-tree-controller.test.mjs,tests/unit,25,b452765f201ba14708aba3180386a18f60c11d508b2bb38722bd6c0f1493c88c,code,whole-text-static-scan,async_resource:1
tests/unit/sidebar/folder-tree-normalizer.test.mjs,tests/unit,17,7c8ccba5cc06d284ee72ff1435552b2afd3842fd9946325e39d71b4fc48cdc76,code,whole-text-static-scan,
tests/unit/sidebar/folder-tree-path-policy.test.mjs,tests/unit,13,a16820b93bfcc710d103e7621b478d62a52e36a66f63cb10095f929d55a82a1f,code,whole-text-static-scan,
tests/unit/sidebar/folder-tree-state.test.mjs,tests/unit,21,55275381f34e3f1092da2f3522c07a6ce97fc135e9fcffac11cd9d872cdd68e3,code,whole-text-static-scan,
tests/unit/sidebar/outline-active-heading.test.mjs,tests/unit,17,8c6a5cd3ce951ffbf303cdb8bfcc7c1f286d90b4eeeed89d23501e773263e1aa,code,whole-text-static-scan,
tests/unit/sidebar/outline-collapse-store.test.mjs,tests/unit,53,e56dce07d8910f293d2505920fde17d8cb97289140617bfa9e4570748ae67329,code,whole-text-static-scan,
tests/unit/sidebar/outline-controller.test.mjs,tests/unit,95,e394bd6ff9b67153cc142b4dd3b4fc12fd2157e8a4e10fe0d29ad029079df21a,code,whole-text-static-scan,
tests/unit/sidebar/outline-tree-builder.test.mjs,tests/unit,38,d25e90c57ea4b58450ee67b8a7c2126dbac944754eceece227cefe9a6e963006,code,whole-text-static-scan,
tests/unit/sidebar/outline-view.test.mjs,tests/unit,113,8869bd67a0e58ab7ae6ac36bcfb26939c2269519818323d1e7a88b0587410bf0,code,whole-text-static-scan,
tests/unit/sidebar/sidebar-state.test.mjs,tests/unit,39,663ed6f5a4b64476e942f2a4560a7b6fb7354629f4e152903abc1b732c0abc94,code,whole-text-static-scan,
tests/unit/sidebar/sidebar-tab-controller.test.mjs,tests/unit,130,40a75d9a2fce243b2ee85931f0d3f15e89a44c8fd1176b5bbe0491b0c0d8042f,code,whole-text-static-scan,
tests/unit/sidebar/stage-06-sidebar-destroy-validation.test.mjs,tests/unit,191,517858224bf54c97d0ef7b2cce3bdde175afa722c0561df5121f1f377b195cdd,code,whole-text-static-scan,
tests/unit/theme/theme-service.test.mjs,tests/unit,204,a2549c801e1d9c0068e53fd9a731e14285dcd145bad34026ce678c7e9ded79ff,code,whole-text-static-scan,
tests/unit/window/close-save-port.test.mjs,tests/unit,56,8d08ac1e69339296f7fcb91f522400b97f65419bf92d7699931d8a4ab1752acc,code,whole-text-static-scan,
tests/unit/window/stage-06-window-destroy-validation.test.mjs,tests/unit,118,49f11a3ce9be4fb3c1928dd769624f79f09546017a211ca7672eef0f32d6b6d7,code,whole-text-static-scan,
tests/unit/window/window-close-controller.test.mjs,tests/unit,183,45811b93b4d3f12f71f58ea01289d90dd5b77a2f2c0e4bdc51bb8bf8b580863f,code,whole-text-static-scan,
tests/unit/window/window-controller.test.mjs,tests/unit,188,7d789a47fc45a84d368b308d67c085f639dfd3ea6cea0befd5b1869fc5e3de3a,code,whole-text-static-scan,
tests/unit/window/window-controls-view.test.mjs,tests/unit,93,283ddaeda8e2f48aee3692e673c53bb2474b5730e141f188a77dbbc146ae3488,code,whole-text-static-scan,
tests/unit/window/window-drag-region.test.mjs,tests/unit,70,c8fd6f866d6aa38f5f6dba95da6cb99509d5b65c8739d3882b260c1074fefca2,code,whole-text-static-scan,
tests/unit/window/window-state.test.mjs,tests/unit,53,ead1d949d10400742f1c4556063926537e63d59199efa9f0eaf4d77e17a069d8,code,whole-text-static-scan,
tests/vite-config.test.mjs,tests/vite-config.test.mjs,20,cee44cdd5c3727000fad7ace24f5574e6d85075ac7ebca6344723f6f82ce72d4,code,whole-text-static-scan,
tests/windows-window-automation.test.mjs,tests/windows-window-automation.test.mjs,171,9363005f73b8d1bfd16486433cf765b924b57ff9effec05f62c0022f36707e1a,code,whole-text-static-scan,async_resource:1
vite.config.js,(root),92,d467194e8c7b065a3dafa7143b8bd332220a76935e180b296300b3422c4e80c9,code,whole-text-static-scan,
